FIPS,county,2026-07-07
01001,"Autauga, AL",4
01003,"Baldwin, AL",5
01005,"Barbour, AL",0
01007,"Bibb, AL",1
01009,"Blount, AL",0
01011,"Bullock, AL",1
01013,"Butler, AL",1
01015,"Calhoun, AL",3
01017,"Chambers, AL",2
01019,"Cherokee, AL",2
01021,"Chilton, AL",1
01023,"Choctaw, AL",1
01025,"Clarke, AL",2
01027,"Clay, AL",0
01029,"Cleburne, AL",0
01031,"Coffee, AL",4
01033,"Colbert, AL",2
01035,"Conecuh, AL",0
01037,"Coosa, AL",0
01039,"Covington, AL",2
01041,"Crenshaw, AL",0
01043,"Cullman, AL",2
01045,"Dale, AL",3
01047,"Dallas, AL",4
01049,"De Kalb, AL",1
01051,"Elmore, AL",4
01053,"Escambia, AL",1
01055,"Etowah, AL",5
01057,"Fayette, AL",1
01059,"Franklin, AL",0
01061,"Geneva, AL",1
01063,"Greene, AL",0
01065,"Hale, AL",0
01067,"Henry, AL",0
01069,"Houston, AL",4
01071,"Jackson, AL",3
01073,"Jefferson, AL",39
01075,"Lamar, AL",0
01077,"Lauderdale, AL",2
01079,"Lawrence, AL",0
01081,"Lee, AL",4
01083,"Limestone, AL",3
01085,"Lowndes, AL",0
01087,"Macon, AL",0
01089,"Madison, AL",24
01091,"Marengo, AL",1
01093,"Marion, AL",1
01095,"Marshall, AL",4
01097,"Mobile, AL",17
01099,"Monroe, AL",0
01101,"Montgomery, AL",32
01103,"Morgan, AL",2
01105,"Perry, AL",0
01107,"Pickens, AL",0
01109,"Pike, AL",1
01111,"Randolph, AL",1
01113,"Russell, AL",2
01115,"Saint Clair, AL",3
01117,"Shelby, AL",7
01119,"Sumter, AL",0
01121,"Talladega, AL",1
01123,"Tallapoosa, AL",2
01125,"Tuscaloosa, AL",7
01127,"Walker, AL",4
01129,"Washington, AL",0
01131,"Wilcox, AL",0
01133,"Winston, AL",1
02013,"Aleutians East, AK",0
02016,"Aleutians West, AK",0
02020,"Anchorage, AK",8
02050,"Bethel, AK",1
02060,"Bristol Bay, AK",0
02063,"Chugach, AK",0
02066,"Copper River, AK",0
02068,"Denali, AK",0
02070,"Dillingham, AK",0
02090,"Fairbanks North Star, AK",4
02100,"Haines, AK",0
02105,"Hoonah-Angoon, AK",0
02110,"Juneau, AK",1
02122,"Kenai Peninsula, AK",1
02130,"Ketchikan Gateway, AK",0
02150,"Kodiak Island, AK",2
02158,"Kusilvak, AK",0
02164,"Lake and Peninsula, AK",0
02170,"Matanuska-Susitna, AK",4
02180,"Nome, AK",0
02185,"North Slope, AK",0
02188,"Northwest Arctic, AK",0
02195,"Petersburg, AK",0
02198,"Prince of Wales-Hyder, AK",1
02220,"Sitka, AK",0
02230,"Skagway, AK",0
02240,"Southeast Fairbanks, AK",0
02275,"Wrangell, AK",0
02282,"Yakutat, AK",0
02290,"Yukon-Koyukuk, AK",2
04001,"Apache, AZ",1
04003,"Cochise, AZ",0
04005,"Coconino, AZ",3
04007,"Gila, AZ",0
04009,"Graham, AZ",0
04011,"Greenlee, AZ",0
04012,"La Paz, AZ",0
04013,"Maricopa, AZ",154
04015,"Mohave, AZ",1
04017,"Navajo, AZ",2
04019,"Pima, AZ",23
04021,"Pinal, AZ",6
04023,"Santa Cruz, AZ",0
04025,"Yavapai, AZ",2
04027,"Yuma, AZ",1
05001,"Arkansas, AR",0
05003,"Ashley, AR",2
05005,"Baxter, AR",3
05007,"Benton, AR",10
05009,"Boone, AR",2
05011,"Bradley, AR",1
05013,"Calhoun, AR",1
05015,"Carroll, AR",1
05017,"Chicot, AR",1
05019,"Clark, AR",2
05021,"Clay, AR",1
05023,"Cleburne, AR",1
05025,"Cleveland, AR",2
05027,"Columbia, AR",0
05029,"Conway, AR",1
05031,"Craighead, AR",4
05033,"Crawford, AR",1
05035,"Crittenden, AR",2
05037,"Cross, AR",0
05039,"Dallas, AR",0
05041,"Desha, AR",1
05043,"Drew, AR",1
05045,"Faulkner, AR",7
05047,"Franklin, AR",1
05049,"Fulton, AR",3
05051,"Garland, AR",2
05053,"Grant, AR",0
05055,"Greene, AR",1
05057,"Hempstead, AR",1
05059,"Hot Spring, AR",1
05061,"Howard, AR",0
05063,"Independence, AR",3
05065,"Izard, AR",0
05067,"Jackson, AR",1
05069,"Jefferson, AR",3
05071,"Johnson, AR",2
05073,"Lafayette, AR",0
05075,"Lawrence, AR",1
05077,"Lee, AR",0
05079,"Lincoln, AR",1
05081,"Little River, AR",0
05083,"Logan, AR",1
05085,"Lonoke, AR",5
05087,"Madison, AR",1
05089,"Marion, AR",1
05091,"Miller, AR",1
05093,"Mississippi, AR",1
05095,"Monroe, AR",0
05097,"Montgomery, AR",1
05099,"Nevada, AR",1
05101,"Newton, AR",1
05103,"Ouachita, AR",2
05105,"Perry, AR",2
05107,"Phillips, AR",0
05109,"Pike, AR",1
05111,"Poinsett, AR",2
05113,"Polk, AR",2
05115,"Pope, AR",3
05117,"Prairie, AR",1
05119,"Pulaski, AR",64
05121,"Randolph, AR",1
05123,"Saint Francis, AR",0
05125,"Saline, AR",4
05127,"Scott, AR",1
05129,"Searcy, AR",1
05131,"Sebastian, AR",5
05133,"Sevier, AR",1
05135,"Sharp, AR",2
05137,"Stone, AR",0
05139,"Union, AR",2
05141,"Van Buren, AR",1
05143,"Washington, AR",8
05145,"White, AR",8
05147,"Woodruff, AR",1
05149,"Yell, AR",1
06001,"Alameda, CA",41
06003,"Alpine, CA",0
06005,"Amador, CA",1
06007,"Butte, CA",7
06009,"Calaveras, CA",3
06011,"Colusa, CA",1
06013,"Contra Costa, CA",20
06015,"Del Norte, CA",2
06017,"El Dorado, CA",8
06019,"Fresno, CA",16
06021,"Glenn, CA",2
06023,"Humboldt, CA",3
06025,"Imperial, CA",5
06027,"Inyo, CA",0
06029,"Kern, CA",10
06031,"Kings, CA",7
06033,"Lake, CA",3
06035,"Lassen, CA",1
06037,"Los Angeles, CA",207
06039,"Madera, CA",2
06041,"Marin, CA",6
06043,"Mariposa, CA",0
06045,"Mendocino, CA",2
06047,"Merced, CA",3
06049,"Modoc, CA",1
06051,"Mono, CA",1
06053,"Monterey, CA",11
06055,"Napa, CA",6
06057,"Nevada, CA",5
06059,"Orange, CA",57
06061,"Placer, CA",14
06063,"Plumas, CA",4
06065,"Riverside, CA",53
06067,"Sacramento, CA",41
06069,"San Benito, CA",1
06071,"San Bernardino, CA",51
06073,"San Diego, CA",141
06075,"San Francisco, CA",65
06077,"San Joaquin, CA",12
06079,"San Luis Obispo, CA",9
06081,"San Mateo, CA",10
06083,"Santa Barbara, CA",7
06085,"Santa Clara, CA",41
06087,"Santa Cruz, CA",8
06089,"Shasta, CA",9
06091,"Sierra, CA",1
06093,"Siskiyou, CA",3
06095,"Solano, CA",15
06097,"Sonoma, CA",12
06099,"Stanislaus, CA",8
06101,"Sutter, CA",0
06103,"Tehama, CA",3
06105,"Trinity, CA",1
06107,"Tulare, CA",3
06109,"Tuolumne, CA",5
06111,"Ventura, CA",14
06113,"Yolo, CA",3
06115,"Yuba, CA",7
08001,"Adams, CO",5
08003,"Alamosa, CO",2
08005,"Arapahoe, CO",7
08007,"Archuleta, CO",1
08009,"Baca, CO",0
08011,"Bent, CO",2
08013,"Boulder, CO",12
08014,"Broomfield, CO",1
08015,"Chaffee, CO",1
08017,"Cheyenne, CO",0
08019,"Clear Creek, CO",1
08021,"Conejos, CO",0
08023,"Costilla, CO",1
08025,"Crowley, CO",1
08027,"Custer, CO",2
08029,"Delta, CO",4
08031,"Denver, CO",60
08033,"Dolores, CO",1
08035,"Douglas, CO",6
08037,"Eagle, CO",0
08039,"Elbert, CO",1
08041,"El Paso, CO",28
08043,"Fremont, CO",3
08045,"Garfield, CO",1
08047,"Gilpin, CO",0
08049,"Grand, CO",1
08051,"Gunnison, CO",1
08053,"Hinsdale, CO",1
08055,"Huerfano, CO",2
08057,"Jackson, CO",1
08059,"Jefferson, CO",35
08061,"Kiowa, CO",0
08063,"Kit Carson, CO",2
08065,"Lake, CO",1
08067,"La Plata, CO",2
08069,"Larimer, CO",5
08071,"Las Animas, CO",3
08073,"Lincoln, CO",0
08075,"Logan, CO",0
08077,"Mesa, CO",6
08079,"Mineral, CO",1
08081,"Moffat, CO",0
08083,"Montezuma, CO",4
08085,"Montrose, CO",1
08087,"Morgan, CO",1
08089,"Otero, CO",0
08091,"Ouray, CO",0
08093,"Park, CO",1
08095,"Phillips, CO",1
08097,"Pitkin, CO",0
08099,"Prowers, CO",1
08101,"Pueblo, CO",4
08103,"Rio Blanco, CO",1
08105,"Rio Grande, CO",1
08107,"Routt, CO",1
08109,"Saguache, CO",1
08111,"San Juan, CO",1
08113,"San Miguel, CO",1
08115,"Sedgwick, CO",1
08117,"Summit, CO",0
08119,"Teller, CO",1
08121,"Washington, CO",0
08123,"Weld, CO",3
08125,"Yuma, CO",0
09110,"Capitol, CT",48
09120,"Greater Bridgeport, CT",4
09130,"Lower Connecticut River Valley, CT",7
09140,"Naugatuck Valley, CT",5
09150,"Northeastern Connecticut, CT",0
09160,"Northwest Hills, CT",0
09170,"South Central Connecticut, CT",27
09180,"Southeastern Connecticut, CT",8
09190,"Western Connecticut, CT",8
10001,"Kent, DE",7
10003,"New Castle, DE",28
10005,"Sussex, DE",8
11001,"District Of Columbia, DC",419
12001,"Alachua, FL",12
12003,"Baker, FL",1
12005,"Bay, FL",14
12007,"Bradford, FL",0
12009,"Brevard, FL",29
12011,"Broward, FL",61
12013,"Calhoun, FL",1
12015,"Charlotte, FL",4
12017,"Citrus, FL",2
12019,"Clay, FL",10
12021,"Collier, FL",9
12023,"Columbia, FL",5
12027,"De Soto, FL",0
12029,"Dixie, FL",0
12031,"Duval, FL",118
12033,"Escambia, FL",22
12035,"Flagler, FL",2
12037,"Franklin, FL",1
12039,"Gadsden, FL",1
12041,"Gilchrist, FL",0
12043,"Glades, FL",0
12045,"Gulf, FL",0
12047,"Hamilton, FL",0
12049,"Hardee, FL",0
12051,"Hendry, FL",0
12053,"Hernando, FL",5
12055,"Highlands, FL",1
12057,"Hillsborough, FL",81
12059,"Holmes, FL",1
12061,"Indian River, FL",10
12063,"Jackson, FL",0
12065,"Jefferson, FL",0
12067,"Lafayette, FL",0
12069,"Lake, FL",11
12071,"Lee, FL",29
12073,"Leon, FL",19
12075,"Levy, FL",1
12077,"Liberty, FL",0
12079,"Madison, FL",0
12081,"Manatee, FL",9
12083,"Marion, FL",4
12085,"Martin, FL",2
12086,"Miami-Dade, FL",76
12087,"Monroe, FL",2
12089,"Nassau, FL",5
12091,"Okaloosa, FL",4
12093,"Okeechobee, FL",0
12095,"Orange, FL",80
12097,"Osceola, FL",5
12099,"Palm Beach, FL",63
12101,"Pasco, FL",20
12103,"Pinellas, FL",453
12105,"Polk, FL",19
12107,"Putnam, FL",1
12109,"Saint Johns, FL",8
12111,"Saint Lucie, FL",8
12113,"Santa Rosa, FL",6
12115,"Sarasota, FL",29
12117,"Seminole, FL",15
12119,"Sumter, FL",8
12121,"Suwannee, FL",1
12123,"Taylor, FL",0
12125,"Union, FL",1
12127,"Volusia, FL",28
12129,"Wakulla, FL",1
12131,"Walton, FL",3
12133,"Washington, FL",2
13001,"Appling, GA",0
13003,"Atkinson, GA",0
13005,"Bacon, GA",0
13007,"Baker, GA",0
13009,"Baldwin, GA",3
13011,"Banks, GA",0
13013,"Barrow, GA",0
13015,"Bartow, GA",3
13017,"Ben Hill, GA",0
13019,"Berrien, GA",0
13021,"Bibb, GA",9
13023,"Bleckley, GA",0
13025,"Brantley, GA",0
13027,"Brooks, GA",0
13029,"Bryan, GA",1
13031,"Bulloch, GA",2
13033,"Burke, GA",0
13035,"Butts, GA",0
13037,"Calhoun, GA",0
13039,"Camden, GA",1
13043,"Candler, GA",0
13045,"Carroll, GA",3
13047,"Catoosa, GA",0
13049,"Charlton, GA",0
13051,"Chatham, GA",8
13053,"Chattahoochee, GA",0
13055,"Chattooga, GA",0
13057,"Cherokee, GA",6
13059,"Clarke, GA",13
13061,"Clay, GA",0
13063,"Clayton, GA",5
13065,"Clinch, GA",0
13067,"Cobb, GA",18
13069,"Coffee, GA",0
13071,"Colquitt, GA",0
13073,"Columbia, GA",13
13075,"Cook, GA",0
13077,"Coweta, GA",5
13079,"Crawford, GA",0
13081,"Crisp, GA",0
13083,"Dade, GA",0
13085,"Dawson, GA",0
13087,"Decatur, GA",1
13089,"De Kalb, GA",49
13091,"Dodge, GA",0
13093,"Dooly, GA",0
13095,"Dougherty, GA",4
13097,"Douglas, GA",3
13099,"Early, GA",0
13101,"Echols, GA",0
13103,"Effingham, GA",2
13105,"Elbert, GA",0
13107,"Emanuel, GA",0
13109,"Evans, GA",0
13111,"Fannin, GA",0
13113,"Fayette, GA",7
13115,"Floyd, GA",4
13117,"Forsyth, GA",2
13119,"Franklin, GA",0
13121,"Fulton, GA",149
13123,"Gilmer, GA",1
13125,"Glascock, GA",0
13127,"Glynn, GA",4
13129,"Gordon, GA",0
13131,"Grady, GA",0
13133,"Greene, GA",0
13135,"Gwinnett, GA",12
13137,"Habersham, GA",0
13139,"Hall, GA",3
13141,"Hancock, GA",0
13143,"Haralson, GA",0
13145,"Harris, GA",4
13147,"Hart, GA",0
13149,"Heard, GA",0
13151,"Henry, GA",5
13153,"Houston, GA",5
13155,"Irwin, GA",0
13157,"Jackson, GA",1
13159,"Jasper, GA",1
13161,"Jeff Davis, GA",0
13163,"Jefferson, GA",0
13165,"Jenkins, GA",0
13167,"Johnson, GA",0
13169,"Jones, GA",0
13171,"Lamar, GA",0
13173,"Lanier, GA",0
13175,"Laurens, GA",3
13177,"Lee, GA",0
13179,"Liberty, GA",5
13181,"Lincoln, GA",0
13183,"Long, GA",0
13185,"Lowndes, GA",5
13187,"Lumpkin, GA",0
13189,"McDuffie, GA",0
13191,"McIntosh, GA",0
13193,"Macon, GA",0
13195,"Madison, GA",0
13197,"Marion, GA",0
13199,"Meriwether, GA",0
13201,"Miller, GA",0
13205,"Mitchell, GA",0
13207,"Monroe, GA",0
13209,"Montgomery, GA",0
13211,"Morgan, GA",0
13213,"Murray, GA",1
13215,"Muscogee, GA",6
13217,"Newton, GA",2
13219,"Oconee, GA",5
13221,"Oglethorpe, GA",0
13223,"Paulding, GA",0
13225,"Peach, GA",0
13227,"Pickens, GA",0
13229,"Pierce, GA",0
13231,"Pike, GA",2
13233,"Polk, GA",1
13235,"Pulaski, GA",0
13237,"Putnam, GA",0
13239,"Quitman, GA",0
13241,"Rabun, GA",0
13243,"Randolph, GA",0
13245,"Richmond, GA",12
13247,"Rockdale, GA",3
13249,"Schley, GA",0
13251,"Screven, GA",0
13253,"Seminole, GA",0
13255,"Spalding, GA",3
13257,"Stephens, GA",0
13259,"Stewart, GA",0
13261,"Sumter, GA",0
13263,"Talbot, GA",0
13265,"Taliaferro, GA",0
13267,"Tattnall, GA",0
13269,"Taylor, GA",0
13271,"Telfair, GA",0
13273,"Terrell, GA",0
13275,"Thomas, GA",1
13277,"Tift, GA",0
13279,"Toombs, GA",0
13281,"Towns, GA",0
13283,"Treutlen, GA",0
13285,"Troup, GA",5
13287,"Turner, GA",0
13289,"Twiggs, GA",0
13291,"Union, GA",2
13293,"Upson, GA",0
13295,"Walker, GA",3
13297,"Walton, GA",5
13299,"Ware, GA",1
13301,"Warren, GA",0
13303,"Washington, GA",0
13305,"Wayne, GA",0
13307,"Webster, GA",0
13309,"Wheeler, GA",0
13311,"White, GA",0
13313,"Whitfield, GA",5
13315,"Wilcox, GA",0
13317,"Wilkes, GA",0
13319,"Wilkinson, GA",1
13321,"Worth, GA",0
15001,"Hawaii, HI",3
15003,"Honolulu, HI",40
15005,"Kalawao, HI",0
15007,"Kauai, HI",2
15009,"Maui, HI",4
16001,"Ada, ID",23
16003,"Adams, ID",0
16005,"Bannock, ID",3
16007,"Bear Lake, ID",0
16009,"Benewah, ID",0
16011,"Bingham, ID",0
16013,"Blaine, ID",0
16015,"Boise, ID",0
16017,"Bonner, ID",3
16019,"Bonneville, ID",0
16021,"Boundary, ID",0
16023,"Butte, ID",0
16025,"Camas, ID",0
16027,"Canyon, ID",3
16029,"Caribou, ID",0
16031,"Cassia, ID",0
16033,"Clark, ID",0
16035,"Clearwater, ID",0
16037,"Custer, ID",0
16039,"Elmore, ID",2
16041,"Franklin, ID",0
16043,"Fremont, ID",0
16045,"Gem, ID",0
16047,"Gooding, ID",0
16049,"Idaho, ID",0
16051,"Jefferson, ID",0
16053,"Jerome, ID",0
16055,"Kootenai, ID",5
16057,"Latah, ID",2
16059,"Lemhi, ID",0
16061,"Lewis, ID",0
16063,"Lincoln, ID",0
16065,"Madison, ID",1
16067,"Minidoka, ID",0
16069,"Nez Perce, ID",3
16071,"Oneida, ID",0
16073,"Owyhee, ID",0
16075,"Payette, ID",0
16077,"Power, ID",0
16079,"Shoshone, ID",0
16081,"Teton, ID",0
16083,"Twin Falls, ID",2
16085,"Valley, ID",0
16087,"Washington, ID",0
17001,"Adams, IL",8
17003,"Alexander, IL",0
17005,"Bond, IL",1
17007,"Boone, IL",4
17009,"Brown, IL",0
17011,"Bureau, IL",0
17013,"Calhoun, IL",0
17015,"Carroll, IL",3
17017,"Cass, IL",0
17019,"Champaign, IL",8
17021,"Christian, IL",0
17023,"Clark, IL",0
17025,"Clay, IL",0
17027,"Clinton, IL",1
17029,"Coles, IL",1
17031,"Cook, IL",193
17033,"Crawford, IL",1
17035,"Cumberland, IL",0
17037,"De Kalb, IL",9
17039,"De Witt, IL",0
17041,"Douglas, IL",0
17043,"Du Page, IL",27
17045,"Edgar, IL",0
17047,"Edwards, IL",0
17049,"Effingham, IL",2
17051,"Fayette, IL",0
17053,"Ford, IL",0
17055,"Franklin, IL",2
17057,"Fulton, IL",1
17059,"Gallatin, IL",0
17061,"Greene, IL",0
17063,"Grundy, IL",2
17065,"Hamilton, IL",1
17067,"Hancock, IL",1
17069,"Hardin, IL",0
17071,"Henderson, IL",0
17073,"Henry, IL",2
17075,"Iroquois, IL",3
17077,"Jackson, IL",1
17079,"Jasper, IL",0
17081,"Jefferson, IL",2
17083,"Jersey, IL",0
17085,"Jo Daviess, IL",1
17087,"Johnson, IL",0
17089,"Kane, IL",6
17091,"Kankakee, IL",7
17093,"Kendall, IL",5
17095,"Knox, IL",6
17097,"Lake, IL",27
17099,"La Salle, IL",4
17101,"Lawrence, IL",0
17103,"Lee, IL",0
17105,"Livingston, IL",4
17107,"Logan, IL",2
17109,"McDonough, IL",2
17111,"McHenry, IL",11
17113,"McLean, IL",8
17115,"Macon, IL",6
17117,"Macoupin, IL",2
17119,"Madison, IL",24
17121,"Marion, IL",2
17123,"Marshall, IL",0
17125,"Mason, IL",3
17127,"Massac, IL",0
17129,"Menard, IL",0
17131,"Mercer, IL",3
17133,"Monroe, IL",0
17135,"Montgomery, IL",6
17137,"Morgan, IL",1
17139,"Moultrie, IL",0
17141,"Ogle, IL",3
17143,"Peoria, IL",17
17145,"Perry, IL",0
17147,"Piatt, IL",0
17149,"Pike, IL",0
17151,"Pope, IL",0
17153,"Pulaski, IL",0
17155,"Putnam, IL",0
17157,"Randolph, IL",1
17159,"Richland, IL",1
17161,"Rock Island, IL",13
17163,"Saint Clair, IL",20
17165,"Saline, IL",1
17167,"Sangamon, IL",14
17169,"Schuyler, IL",0
17171,"Scott, IL",0
17173,"Shelby, IL",0
17175,"Stark, IL",0
17177,"Stephenson, IL",3
17179,"Tazewell, IL",2
17181,"Union, IL",0
17183,"Vermilion, IL",5
17185,"Wabash, IL",0
17187,"Warren, IL",0
17189,"Washington, IL",1
17191,"Wayne, IL",0
17193,"White, IL",0
17195,"Whiteside, IL",0
17197,"Will, IL",23
17199,"Williamson, IL",11
17201,"Winnebago, IL",13
17203,"Woodford, IL",2
18001,"Adams, IN",1
18003,"Allen, IN",14
18005,"Bartholomew, IN",5
18007,"Benton, IN",3
18009,"Blackford, IN",2
18011,"Boone, IN",1
18013,"Brown, IN",2
18015,"Carroll, IN",2
18017,"Cass, IN",1
18019,"Clark, IN",6
18021,"Clay, IN",2
18023,"Clinton, IN",2
18025,"Crawford, IN",0
18027,"Daviess, IN",1
18029,"Dearborn, IN",1
18031,"Decatur, IN",2
18033,"De Kalb, IN",4
18035,"Delaware, IN",5
18037,"Dubois, IN",2
18039,"Elkhart, IN",1
18041,"Fayette, IN",0
18043,"Floyd, IN",6
18045,"Fountain, IN",2
18047,"Franklin, IN",2
18049,"Fulton, IN",3
18051,"Gibson, IN",2
18053,"Grant, IN",4
18055,"Greene, IN",3
18057,"Hamilton, IN",10
18059,"Hancock, IN",4
18061,"Harrison, IN",1
18063,"Hendricks, IN",7
18065,"Henry, IN",1
18067,"Howard, IN",3
18069,"Huntington, IN",1
18071,"Jackson, IN",3
18073,"Jasper, IN",2
18075,"Jay, IN",1
18077,"Jefferson, IN",3
18079,"Jennings, IN",1
18081,"Johnson, IN",4
18083,"Knox, IN",3
18085,"Kosciusko, IN",2
18087,"Lagrange, IN",2
18089,"Lake, IN",10
18091,"La Porte, IN",4
18093,"Lawrence, IN",2
18095,"Madison, IN",5
18097,"Marion, IN",96
18099,"Marshall, IN",1
18101,"Martin, IN",1
18103,"Miami, IN",1
18105,"Monroe, IN",6
18107,"Montgomery, IN",2
18109,"Morgan, IN",3
18111,"Newton, IN",3
18113,"Noble, IN",2
18115,"Ohio, IN",2
18117,"Orange, IN",1
18119,"Owen, IN",3
18121,"Parke, IN",1
18123,"Perry, IN",1
18125,"Pike, IN",1
18127,"Porter, IN",17
18129,"Posey, IN",1
18131,"Pulaski, IN",2
18133,"Putnam, IN",4
18135,"Randolph, IN",1
18137,"Ripley, IN",2
18139,"Rush, IN",1
18141,"St Joseph, IN",9
18143,"Scott, IN",4
18145,"Shelby, IN",1
18147,"Spencer, IN",2
18149,"Starke, IN",2
18151,"Steuben, IN",3
18153,"Sullivan, IN",1
18155,"Switzerland, IN",1
18157,"Tippecanoe, IN",5
18159,"Tipton, IN",1
18161,"Union, IN",1
18163,"Vanderburgh, IN",28
18165,"Vermillion, IN",1
18167,"Vigo, IN",6
18169,"Wabash, IN",2
18171,"Warren, IN",2
18173,"Warrick, IN",2
18175,"Washington, IN",2
18177,"Wayne, IN",3
18179,"Wells, IN",3
18181,"White, IN",2
18183,"Whitley, IN",2
19001,"Adair, IA",1
19003,"Adams, IA",1
19005,"Allamakee, IA",1
19007,"Appanoose, IA",1
19009,"Audubon, IA",2
19011,"Benton, IA",1
19013,"Black Hawk, IA",4
19015,"Boone, IA",2
19017,"Bremer, IA",2
19019,"Buchanan, IA",1
19021,"Buena Vista, IA",2
19023,"Butler, IA",1
19025,"Calhoun, IA",1
19027,"Carroll, IA",1
19029,"Cass, IA",1
19031,"Cedar, IA",1
19033,"Cerro Gordo, IA",1
19035,"Cherokee, IA",1
19037,"Chickasaw, IA",2
19039,"Clarke, IA",1
19041,"Clay, IA",1
19043,"Clayton, IA",1
19045,"Clinton, IA",4
19047,"Crawford, IA",1
19049,"Dallas, IA",4
19051,"Davis, IA",1
19053,"Decatur, IA",1
19055,"Delaware, IA",2
19057,"Des Moines, IA",1
19059,"Dickinson, IA",1
19061,"Dubuque, IA",10
19063,"Emmet, IA",1
19065,"Fayette, IA",2
19067,"Floyd, IA",1
19069,"Franklin, IA",1
19071,"Fremont, IA",1
19073,"Greene, IA",1
19075,"Grundy, IA",1
19077,"Guthrie, IA",1
19079,"Hamilton, IA",1
19081,"Hancock, IA",1
19083,"Hardin, IA",2
19085,"Harrison, IA",1
19087,"Henry, IA",1
19089,"Howard, IA",1
19091,"Humboldt, IA",1
19093,"Ida, IA",2
19095,"Iowa, IA",1
19097,"Jackson, IA",2
19099,"Jasper, IA",2
19101,"Jefferson, IA",1
19103,"Johnson, IA",11
19105,"Jones, IA",1
19107,"Keokuk, IA",1
19109,"Kossuth, IA",1
19111,"Lee, IA",2
19113,"Linn, IA",5
19115,"Louisa, IA",1
19117,"Lucas, IA",1
19119,"Lyon, IA",2
19121,"Madison, IA",1
19123,"Mahaska, IA",1
19125,"Marion, IA",1
19127,"Marshall, IA",2
19129,"Mills, IA",3
19131,"Mitchell, IA",1
19133,"Monona, IA",1
19135,"Monroe, IA",1
19137,"Montgomery, IA",1
19139,"Muscatine, IA",1
19141,"O'Brien, IA",1
19143,"Osceola, IA",2
19145,"Page, IA",4
19147,"Palo Alto, IA",1
19149,"Plymouth, IA",1
19151,"Pocahontas, IA",1
19153,"Polk, IA",31
19155,"Pottawattamie, IA",7
19157,"Poweshiek, IA",2
19159,"Ringgold, IA",1
19161,"Sac, IA",1
19163,"Scott, IA",4
19165,"Shelby, IA",1
19167,"Sioux, IA",2
19169,"Story, IA",2
19171,"Tama, IA",2
19173,"Taylor, IA",0
19175,"Union, IA",1
19177,"Van Buren, IA",2
19179,"Wapello, IA",1
19181,"Warren, IA",3
19183,"Washington, IA",1
19185,"Wayne, IA",1
19187,"Webster, IA",2
19189,"Winnebago, IA",1
19191,"Winneshiek, IA",2
19193,"Woodbury, IA",2
19195,"Worth, IA",1
19197,"Wright, IA",2
20001,"Allen, KS",0
20003,"Anderson, KS",0
20005,"Atchison, KS",0
20007,"Barber, KS",0
20009,"Barton, KS",0
20011,"Bourbon, KS",0
20013,"Brown, KS",0
20015,"Butler, KS",0
20017,"Chase, KS",0
20019,"Chautauqua, KS",0
20021,"Cherokee, KS",0
20023,"Cheyenne, KS",0
20025,"Clark, KS",0
20027,"Clay, KS",0
20029,"Cloud, KS",0
20031,"Coffey, KS",0
20033,"Comanche, KS",0
20035,"Cowley, KS",1
20037,"Crawford, KS",1
20039,"Decatur, KS",0
20041,"Dickinson, KS",0
20043,"Doniphan, KS",0
20045,"Douglas, KS",17
20047,"Edwards, KS",0
20049,"Elk, KS",0
20051,"Ellis, KS",7
20053,"Ellsworth, KS",0
20055,"Finney, KS",0
20057,"Ford, KS",1
20059,"Franklin, KS",0
20061,"Geary, KS",1
20063,"Gove, KS",0
20065,"Graham, KS",0
20067,"Grant, KS",0
20069,"Gray, KS",0
20071,"Greeley, KS",0
20073,"Greenwood, KS",0
20075,"Hamilton, KS",0
20077,"Harper, KS",0
20079,"Harvey, KS",0
20081,"Haskell, KS",0
20083,"Hodgeman, KS",0
20085,"Jackson, KS",0
20087,"Jefferson, KS",0
20089,"Jewell, KS",0
20091,"Johnson, KS",14
20093,"Kearny, KS",0
20095,"Kingman, KS",0
20097,"Kiowa, KS",0
20099,"Labette, KS",1
20101,"Lane, KS",0
20103,"Leavenworth, KS",11
20105,"Lincoln, KS",0
20107,"Linn, KS",0
20109,"Logan, KS",0
20111,"Lyon, KS",2
20113,"McPherson, KS",0
20115,"Marion, KS",0
20117,"Marshall, KS",0
20119,"Meade, KS",0
20121,"Miami, KS",0
20123,"Mitchell, KS",0
20125,"Montgomery, KS",1
20127,"Morris, KS",0
20129,"Morton, KS",0
20131,"Nemaha, KS",0
20133,"Neosho, KS",0
20135,"Ness, KS",0
20137,"Norton, KS",0
20139,"Osage, KS",0
20141,"Osborne, KS",0
20143,"Ottawa, KS",0
20145,"Pawnee, KS",0
20147,"Phillips, KS",0
20149,"Pottawatomie, KS",0
20151,"Pratt, KS",0
20153,"Rawlins, KS",0
20155,"Reno, KS",2
20157,"Republic, KS",0
20159,"Rice, KS",0
20161,"Riley, KS",2
20163,"Rooks, KS",0
20165,"Rush, KS",0
20167,"Russell, KS",0
20169,"Saline, KS",3
20171,"Scott, KS",0
20173,"Sedgwick, KS",26
20175,"Seward, KS",0
20177,"Shawnee, KS",33
20179,"Sheridan, KS",0
20181,"Sherman, KS",0
20183,"Smith, KS",0
20185,"Stafford, KS",0
20187,"Stanton, KS",0
20189,"Stevens, KS",0
20191,"Sumner, KS",1
20193,"Thomas, KS",1
20195,"Trego, KS",0
20197,"Wabaunsee, KS",0
20199,"Wallace, KS",0
20201,"Washington, KS",0
20203,"Wichita, KS",0
20205,"Wilson, KS",0
20207,"Woodson, KS",0
20209,"Wyandotte, KS",4
21001,"Adair, KY",0
21003,"Allen, KY",0
21005,"Anderson, KY",1
21007,"Ballard, KY",0
21009,"Barren, KY",1
21011,"Bath, KY",0
21013,"Bell, KY",0
21015,"Boone, KY",1
21017,"Bourbon, KY",0
21019,"Boyd, KY",0
21021,"Boyle, KY",1
21023,"Bracken, KY",0
21025,"Breathitt, KY",1
21027,"Breckinridge, KY",0
21029,"Bullitt, KY",0
21031,"Butler, KY",0
21033,"Caldwell, KY",0
21035,"Calloway, KY",2
21037,"Campbell, KY",2
21039,"Carlisle, KY",0
21041,"Carroll, KY",0
21043,"Carter, KY",1
21045,"Casey, KY",1
21047,"Christian, KY",4
21049,"Clark, KY",0
21051,"Clay, KY",0
21053,"Clinton, KY",0
21055,"Crittenden, KY",0
21057,"Cumberland, KY",0
21059,"Daviess, KY",4
21061,"Edmonson, KY",0
21063,"Elliott, KY",0
21065,"Estill, KY",0
21067,"Fayette, KY",10
21069,"Fleming, KY",0
21071,"Floyd, KY",1
21073,"Franklin, KY",18
21075,"Fulton, KY",0
21077,"Gallatin, KY",0
21079,"Garrard, KY",0
21081,"Grant, KY",0
21083,"Graves, KY",0
21085,"Grayson, KY",2
21087,"Green, KY",0
21089,"Greenup, KY",1
21091,"Hancock, KY",0
21093,"Hardin, KY",7
21095,"Harlan, KY",0
21097,"Harrison, KY",1
21099,"Hart, KY",0
21101,"Henderson, KY",2
21103,"Henry, KY",0
21105,"Hickman, KY",0
21107,"Hopkins, KY",0
21109,"Jackson, KY",0
21111,"Jefferson, KY",39
21113,"Jessamine, KY",1
21115,"Johnson, KY",0
21117,"Kenton, KY",6
21119,"Knott, KY",0
21121,"Knox, KY",1
21123,"Larue, KY",1
21125,"Laurel, KY",0
21127,"Lawrence, KY",0
21129,"Lee, KY",0
21131,"Leslie, KY",0
21133,"Letcher, KY",0
21135,"Lewis, KY",0
21137,"Lincoln, KY",0
21139,"Livingston, KY",0
21141,"Logan, KY",0
21143,"Lyon, KY",0
21145,"McCracken, KY",2
21147,"McCreary, KY",0
21149,"McLean, KY",0
21151,"Madison, KY",9
21153,"Magoffin, KY",0
21155,"Marion, KY",0
21157,"Marshall, KY",1
21159,"Martin, KY",0
21161,"Mason, KY",0
21163,"Meade, KY",3
21165,"Menifee, KY",0
21167,"Mercer, KY",0
21169,"Metcalfe, KY",0
21171,"Monroe, KY",0
21173,"Montgomery, KY",0
21175,"Morgan, KY",0
21177,"Muhlenberg, KY",0
21179,"Nelson, KY",6
21181,"Nicholas, KY",0
21183,"Ohio, KY",1
21185,"Oldham, KY",2
21187,"Owen, KY",0
21189,"Owsley, KY",0
21191,"Pendleton, KY",0
21193,"Perry, KY",1
21195,"Pike, KY",1
21197,"Powell, KY",1
21199,"Pulaski, KY",0
21201,"Robertson, KY",0
21203,"Rockcastle, KY",0
21205,"Rowan, KY",2
21207,"Russell, KY",0
21209,"Scott, KY",2
21211,"Shelby, KY",2
21213,"Simpson, KY",0
21215,"Spencer, KY",0
21217,"Taylor, KY",1
21219,"Todd, KY",1
21221,"Trigg, KY",1
21223,"Trimble, KY",0
21225,"Union, KY",0
21227,"Warren, KY",3
21229,"Washington, KY",0
21231,"Wayne, KY",0
21233,"Webster, KY",0
21235,"Whitley, KY",1
21237,"Wolfe, KY",0
21239,"Woodford, KY",3
22001,"Acadia, LA",3
22003,"Allen, LA",0
22005,"Ascension, LA",2
22007,"Assumption, LA",0
22009,"Avoyelles, LA",0
22011,"Beauregard, LA",1
22013,"Bienville, LA",0
22015,"Bossier, LA",8
22017,"Caddo, LA",9
22019,"Calcasieu, LA",3
22021,"Caldwell, LA",0
22023,"Cameron, LA",0
22025,"Catahoula, LA",1
22027,"Claiborne, LA",1
22029,"Concordia, LA",1
22031,"De Soto, LA",1
22033,"East Baton Rouge, LA",56
22035,"East Carroll, LA",0
22037,"East Feliciana, LA",2
22039,"Evangeline, LA",0
22041,"Franklin, LA",0
22043,"Grant, LA",0
22045,"Iberia, LA",2
22047,"Iberville, LA",0
22049,"Jackson, LA",0
22051,"Jefferson, LA",14
22053,"Jefferson Davis, LA",2
22055,"Lafayette, LA",9
22057,"Lafourche, LA",1
22059,"LaSalle, LA",1
22061,"Lincoln, LA",2
22063,"Livingston, LA",0
22065,"Madison, LA",1
22067,"Morehouse, LA",0
22069,"Natchitoches, LA",2
22071,"Orleans, LA",35
22073,"Ouachita, LA",9
22075,"Plaquemines, LA",0
22077,"Pointe Coupee, LA",1
22079,"Rapides, LA",3
22081,"Red River, LA",0
22083,"Richland, LA",0
22085,"Sabine, LA",1
22087,"Saint Bernard, LA",5
22089,"Saint Charles, LA",1
22091,"Saint Helena, LA",0
22093,"Saint James, LA",0
22095,"Saint John The Baptist, LA",3
22097,"Saint Landry, LA",0
22099,"Saint Martin, LA",0
22101,"Saint Mary, LA",0
22103,"Saint Tammany, LA",12
22105,"Tangipahoa, LA",4
22107,"Tensas, LA",0
22109,"Terrebonne, LA",1
22111,"Union, LA",0
22113,"Vermilion, LA",1
22115,"Vernon, LA",3
22117,"Washington, LA",3
22119,"Webster, LA",0
22121,"West Baton Rouge, LA",0
22123,"West Carroll, LA",0
22125,"West Feliciana, LA",0
22127,"Winn, LA",0
23001,"Androscoggin, ME",0
23003,"Aroostook, ME",1
23005,"Cumberland, ME",62
23007,"Franklin, ME",0
23009,"Hancock, ME",1
23011,"Kennebec, ME",35
23013,"Knox, ME",1
23015,"Lincoln, ME",1
23017,"Oxford, ME",2
23019,"Penobscot, ME",8
23021,"Piscataquis, ME",1
23023,"Sagadahoc, ME",1
23025,"Somerset, ME",0
23027,"Waldo, ME",2
23029,"Washington, ME",0
23031,"York, ME",0
24001,"Allegany, MD",2
24003,"Anne Arundel, MD",22
24005,"Baltimore, MD",18
24009,"Calvert, MD",0
24011,"Caroline, MD",0
24013,"Carroll, MD",3
24015,"Cecil, MD",1
24017,"Charles, MD",9
24019,"Dorchester, MD",1
24021,"Frederick, MD",7
24023,"Garrett, MD",0
24025,"Harford, MD",3
24027,"Howard, MD",12
24029,"Kent, MD",0
24031,"Montgomery, MD",46
24033,"Prince George's, MD",22
24035,"Queen Anne's, MD",1
24037,"Saint Mary's, MD",1
24039,"Somerset, MD",0
24041,"Talbot, MD",1
24043,"Washington, MD",3
24045,"Wicomico, MD",3
24047,"Worcester, MD",1
24510,"Baltimore City, MD",38
25001,"Barnstable, MA",7
25003,"Berkshire, MA",7
25005,"Bristol, MA",26
25007,"Dukes, MA",1
25009,"Essex, MA",27
25011,"Franklin, MA",7
25013,"Hampden, MA",27
25015,"Hampshire, MA",11
25017,"Middlesex, MA",57
25019,"Nantucket, MA",0
25021,"Norfolk, MA",38
25023,"Plymouth, MA",36
25025,"Suffolk, MA",80
25027,"Worcester, MA",43
26001,"Alcona, MI",1
26003,"Alger, MI",1
26005,"Allegan, MI",2
26007,"Alpena, MI",3
26009,"Antrim, MI",3
26011,"Arenac, MI",1
26013,"Baraga, MI",2
26015,"Barry, MI",0
26017,"Bay, MI",4
26019,"Benzie, MI",2
26021,"Berrien, MI",5
26023,"Branch, MI",2
26025,"Calhoun, MI",9
26027,"Cass, MI",1
26029,"Charlevoix, MI",3
26031,"Cheboygan, MI",3
26033,"Chippewa, MI",2
26035,"Clare, MI",4
26037,"Clinton, MI",6
26039,"Crawford, MI",3
26041,"Delta, MI",2
26043,"Dickinson, MI",5
26045,"Eaton, MI",2
26047,"Emmet, MI",4
26049,"Genesee, MI",14
26051,"Gladwin, MI",3
26053,"Gogebic, MI",2
26055,"Grand Traverse, MI",4
26057,"Gratiot, MI",3
26059,"Hillsdale, MI",1
26061,"Houghton, MI",3
26063,"Huron, MI",2
26065,"Ingham, MI",19
26067,"Ionia, MI",0
26069,"Iosco, MI",2
26071,"Iron, MI",1
26073,"Isabella, MI",2
26075,"Jackson, MI",3
26077,"Kalamazoo, MI",15
26079,"Kalkaska, MI",1
26081,"Kent, MI",28
26083,"Keweenaw, MI",2
26085,"Lake, MI",3
26087,"Lapeer, MI",6
26089,"Leelanau, MI",1
26091,"Lenawee, MI",3
26093,"Livingston, MI",9
26095,"Luce, MI",1
26097,"Mackinac, MI",3
26099,"Macomb, MI",30
26101,"Manistee, MI",3
26103,"Marquette, MI",6
26105,"Mason, MI",0
26107,"Mecosta, MI",1
26109,"Menominee, MI",4
26111,"Midland, MI",4
26113,"Missaukee, MI",0
26115,"Monroe, MI",6
26117,"Montcalm, MI",4
26119,"Montmorency, MI",3
26121,"Muskegon, MI",8
26123,"Newaygo, MI",2
26125,"Oakland, MI",70
26127,"Oceana, MI",2
26129,"Ogemaw, MI",2
26131,"Ontonagon, MI",1
26133,"Osceola, MI",3
26135,"Oscoda, MI",1
26137,"Otsego, MI",3
26139,"Ottawa, MI",4
26141,"Presque Isle, MI",2
26143,"Roscommon, MI",4
26145,"Saginaw, MI",6
26147,"Saint Clair, MI",5
26149,"Saint Joseph, MI",5
26151,"Sanilac, MI",1
26153,"Schoolcraft, MI",3
26155,"Shiawassee, MI",4
26157,"Tuscola, MI",2
26159,"Van Buren, MI",7
26161,"Washtenaw, MI",17
26163,"Wayne, MI",101
26165,"Wexford, MI",3
27001,"Aitkin, MN",2
27003,"Anoka, MN",8
27005,"Becker, MN",2
27007,"Beltrami, MN",3
27009,"Benton, MN",1
27011,"Big Stone, MN",1
27013,"Blue Earth, MN",5
27015,"Brown, MN",3
27017,"Carlton, MN",3
27019,"Carver, MN",3
27021,"Cass, MN",1
27023,"Chippewa, MN",2
27025,"Chisago, MN",3
27027,"Clay, MN",4
27029,"Clearwater, MN",2
27031,"Cook, MN",1
27033,"Cottonwood, MN",1
27035,"Crow Wing, MN",2
27037,"Dakota, MN",9
27039,"Dodge, MN",2
27041,"Douglas, MN",3
27043,"Faribault, MN",4
27045,"Fillmore, MN",4
27047,"Freeborn, MN",2
27049,"Goodhue, MN",5
27051,"Grant, MN",1
27053,"Hennepin, MN",125
27055,"Houston, MN",2
27057,"Hubbard, MN",2
27059,"Isanti, MN",3
27061,"Itasca, MN",6
27063,"Jackson, MN",2
27065,"Kanabec, MN",3
27067,"Kandiyohi, MN",2
27069,"Kittson, MN",2
27071,"Koochiching, MN",3
27073,"Lac Qui Parle, MN",1
27075,"Lake, MN",2
27077,"Lake of the Woods, MN",1
27079,"Le Sueur, MN",3
27081,"Lincoln, MN",1
27083,"Lyon, MN",2
27085,"McLeod, MN",3
27087,"Mahnomen, MN",1
27089,"Marshall, MN",0
27091,"Martin, MN",1
27093,"Meeker, MN",2
27095,"Mille Lacs, MN",3
27097,"Morrison, MN",7
27099,"Mower, MN",1
27101,"Murray, MN",1
27103,"Nicollet, MN",3
27105,"Nobles, MN",1
27107,"Norman, MN",1
27109,"Olmsted, MN",4
27111,"Otter Tail, MN",5
27113,"Pennington, MN",2
27115,"Pine, MN",3
27117,"Pipestone, MN",1
27119,"Polk, MN",4
27121,"Pope, MN",1
27123,"Ramsey, MN",27
27125,"Red Lake, MN",0
27127,"Redwood, MN",3
27129,"Renville, MN",4
27131,"Rice, MN",1
27133,"Rock, MN",1
27135,"Roseau, MN",1
27137,"Saint Louis, MN",13
27139,"Scott, MN",3
27141,"Sherburne, MN",6
27143,"Sibley, MN",2
27145,"Stearns, MN",14
27147,"Steele, MN",1
27149,"Stevens, MN",0
27151,"Swift, MN",2
27153,"Todd, MN",2
27155,"Traverse, MN",1
27157,"Wabasha, MN",2
27159,"Wadena, MN",2
27161,"Waseca, MN",2
27163,"Washington, MN",9
27165,"Watonwan, MN",1
27167,"Wilkin, MN",2
27169,"Winona, MN",4
27171,"Wright, MN",4
27173,"Yellow Medicine, MN",2
28001,"Adams, MS",2
28003,"Alcorn, MS",1
28005,"Amite, MS",0
28007,"Attala, MS",2
28009,"Benton, MS",1
28011,"Bolivar, MS",2
28013,"Calhoun, MS",0
28015,"Carroll, MS",0
28017,"Chickasaw, MS",0
28019,"Choctaw, MS",1
28021,"Claiborne, MS",1
28023,"Clarke, MS",0
28025,"Clay, MS",0
28027,"Coahoma, MS",1
28029,"Copiah, MS",0
28031,"Covington, MS",1
28033,"De Soto, MS",5
28035,"Forrest, MS",5
28037,"Franklin, MS",0
28039,"George, MS",2
28041,"Greene, MS",1
28043,"Grenada, MS",1
28045,"Hancock, MS",2
28047,"Harrison, MS",12
28049,"Hinds, MS",38
28051,"Holmes, MS",1
28053,"Humphreys, MS",0
28055,"Issaquena, MS",0
28057,"Itawamba, MS",3
28059,"Jackson, MS",3
28061,"Jasper, MS",1
28063,"Jefferson, MS",0
28065,"Jefferson Davis, MS",0
28067,"Jones, MS",1
28069,"Kemper, MS",0
28071,"Lafayette, MS",8
28073,"Lamar, MS",3
28075,"Lauderdale, MS",4
28077,"Lawrence, MS",1
28079,"Leake, MS",0
28081,"Lee, MS",4
28083,"Leflore, MS",1
28085,"Lincoln, MS",2
28087,"Lowndes, MS",2
28089,"Madison, MS",4
28091,"Marion, MS",0
28093,"Marshall, MS",0
28095,"Monroe, MS",3
28097,"Montgomery, MS",1
28099,"Neshoba, MS",0
28101,"Newton, MS",0
28103,"Noxubee, MS",0
28105,"Oktibbeha, MS",2
28107,"Panola, MS",1
28109,"Pearl River, MS",3
28111,"Perry, MS",1
28113,"Pike, MS",0
28115,"Pontotoc, MS",1
28117,"Prentiss, MS",1
28119,"Quitman, MS",0
28121,"Rankin, MS",4
28123,"Scott, MS",1
28125,"Sharkey, MS",0
28127,"Simpson, MS",0
28129,"Smith, MS",1
28131,"Stone, MS",1
28133,"Sunflower, MS",1
28135,"Tallahatchie, MS",4
28137,"Tate, MS",1
28139,"Tippah, MS",1
28141,"Tishomingo, MS",1
28143,"Tunica, MS",0
28145,"Union, MS",2
28147,"Walthall, MS",1
28149,"Warren, MS",3
28151,"Washington, MS",0
28153,"Wayne, MS",2
28155,"Webster, MS",0
28157,"Wilkinson, MS",0
28159,"Winston, MS",1
28161,"Yalobusha, MS",1
28163,"Yazoo, MS",1
29001,"Adair, MO",3
29003,"Andrew, MO",0
29005,"Atchison, MO",0
29007,"Audrain, MO",1
29009,"Barry, MO",0
29011,"Barton, MO",0
29013,"Bates, MO",1
29015,"Benton, MO",0
29017,"Bollinger, MO",0
29019,"Boone, MO",21
29021,"Buchanan, MO",3
29023,"Butler, MO",3
29025,"Caldwell, MO",0
29027,"Callaway, MO",0
29029,"Camden, MO",1
29031,"Cape Girardeau, MO",5
29033,"Carroll, MO",0
29035,"Carter, MO",0
29037,"Cass, MO",0
29039,"Cedar, MO",0
29041,"Chariton, MO",0
29043,"Christian, MO",0
29045,"Clark, MO",0
29047,"Clay, MO",4
29049,"Clinton, MO",0
29051,"Cole, MO",9
29053,"Cooper, MO",0
29055,"Crawford, MO",0
29057,"Dade, MO",0
29059,"Dallas, MO",0
29061,"Daviess, MO",1
29063,"De Kalb, MO",2
29065,"Dent, MO",0
29067,"Douglas, MO",0
29069,"Dunklin, MO",0
29071,"Franklin, MO",0
29073,"Gasconade, MO",1
29075,"Gentry, MO",0
29077,"Greene, MO",17
29079,"Grundy, MO",0
29081,"Harrison, MO",0
29083,"Henry, MO",0
29085,"Hickory, MO",0
29087,"Holt, MO",0
29089,"Howard, MO",0
29091,"Howell, MO",2
29093,"Iron, MO",0
29095,"Jackson, MO",37
29097,"Jasper, MO",5
29099,"Jefferson, MO",1
29101,"Johnson, MO",2
29103,"Knox, MO",0
29105,"Laclede, MO",1
29107,"Lafayette, MO",0
29109,"Lawrence, MO",0
29111,"Lewis, MO",1
29113,"Lincoln, MO",0
29115,"Linn, MO",0
29117,"Livingston, MO",0
29119,"McDonald, MO",0
29121,"Macon, MO",0
29123,"Madison, MO",0
29125,"Maries, MO",2
29127,"Marion, MO",2
29129,"Mercer, MO",0
29131,"Miller, MO",0
29133,"Mississippi, MO",0
29135,"Moniteau, MO",0
29137,"Monroe, MO",0
29139,"Montgomery, MO",0
29141,"Morgan, MO",3
29143,"New Madrid, MO",0
29145,"Newton, MO",1
29147,"Nodaway, MO",0
29149,"Oregon, MO",0
29151,"Osage, MO",0
29153,"Ozark, MO",0
29155,"Pemiscot, MO",1
29157,"Perry, MO",0
29159,"Pettis, MO",1
29161,"Phelps, MO",0
29163,"Pike, MO",1
29165,"Platte, MO",1
29167,"Polk, MO",0
29169,"Pulaski, MO",3
29171,"Putnam, MO",0
29173,"Ralls, MO",0
29175,"Randolph, MO",1
29177,"Ray, MO",0
29179,"Reynolds, MO",0
29181,"Ripley, MO",1
29183,"Saint Charles, MO",11
29185,"Saint Clair, MO",0
29186,"Sainte Genevieve, MO",0
29187,"St. Francois, MO",2
29189,"Saint Louis, MO",68
29195,"Saline, MO",0
29197,"Schuyler, MO",0
29199,"Scotland, MO",0
29201,"Scott, MO",1
29203,"Shannon, MO",0
29205,"Shelby, MO",0
29207,"Stoddard, MO",0
29209,"Stone, MO",2
29211,"Sullivan, MO",0
29213,"Taney, MO",1
29215,"Texas, MO",1
29217,"Vernon, MO",1
29219,"Warren, MO",0
29221,"Washington, MO",0
29223,"Wayne, MO",0
29225,"Webster, MO",0
29227,"Worth, MO",0
29229,"Wright, MO",0
29510,"Saint Louis City, MO",23
30001,"Beaverhead, MT",0
30003,"Big Horn, MT",0
30005,"Blaine, MT",1
30007,"Broadwater, MT",0
30009,"Carbon, MT",0
30011,"Carter, MT",0
30013,"Cascade, MT",8
30015,"Chouteau, MT",0
30017,"Custer, MT",1
30019,"Daniels, MT",0
30021,"Dawson, MT",0
30023,"Deer Lodge, MT",0
30025,"Fallon, MT",0
30027,"Fergus, MT",0
30029,"Flathead, MT",4
30031,"Gallatin, MT",7
30033,"Garfield, MT",0
30035,"Glacier, MT",0
30037,"Golden Valley, MT",0
30039,"Granite, MT",0
30041,"Hill, MT",1
30043,"Jefferson, MT",0
30045,"Judith Basin, MT",0
30047,"Lake, MT",0
30049,"Lewis and Clark, MT",3
30051,"Liberty, MT",0
30053,"Lincoln, MT",0
30055,"McCone, MT",0
30057,"Madison, MT",0
30059,"Meagher, MT",0
30061,"Mineral, MT",0
30063,"Missoula, MT",9
30065,"Musselshell, MT",0
30067,"Park, MT",0
30069,"Petroleum, MT",0
30071,"Phillips, MT",0
30073,"Pondera, MT",0
30075,"Powder River, MT",0
30077,"Powell, MT",0
30079,"Prairie, MT",0
30081,"Ravalli, MT",6
30083,"Richland, MT",0
30085,"Roosevelt, MT",0
30087,"Rosebud, MT",0
30089,"Sanders, MT",0
30091,"Sheridan, MT",0
30093,"Silver Bow, MT",1
30095,"Stillwater, MT",0
30097,"Sweet Grass, MT",0
30099,"Teton, MT",0
30101,"Toole, MT",0
30103,"Treasure, MT",0
30105,"Valley, MT",0
30107,"Wheatland, MT",0
30109,"Wibaux, MT",0
30111,"Yellowstone, MT",5
31001,"Adams, NE",2
31003,"Antelope, NE",1
31005,"Arthur, NE",0
31007,"Banner, NE",0
31009,"Blaine, NE",0
31011,"Boone, NE",2
31013,"Box Butte, NE",1
31015,"Boyd, NE",0
31017,"Brown, NE",2
31019,"Buffalo, NE",7
31021,"Burt, NE",1
31023,"Butler, NE",1
31025,"Cass, NE",1
31027,"Cedar, NE",1
31029,"Chase, NE",1
31031,"Cherry, NE",1
31033,"Cheyenne, NE",1
31035,"Clay, NE",0
31037,"Colfax, NE",0
31039,"Cuming, NE",2
31041,"Custer, NE",1
31043,"Dakota, NE",1
31045,"Dawes, NE",1
31047,"Dawson, NE",2
31049,"Deuel, NE",1
31051,"Dixon, NE",0
31053,"Dodge, NE",1
31055,"Douglas, NE",33
31057,"Dundy, NE",0
31059,"Fillmore, NE",1
31061,"Franklin, NE",0
31063,"Frontier, NE",0
31065,"Furnas, NE",0
31067,"Gage, NE",3
31069,"Garden, NE",0
31071,"Garfield, NE",1
31073,"Gosper, NE",1
31075,"Grant, NE",0
31077,"Greeley, NE",0
31079,"Hall, NE",3
31081,"Hamilton, NE",1
31083,"Harlan, NE",1
31085,"Hayes, NE",0
31087,"Hitchcock, NE",1
31089,"Holt, NE",1
31091,"Hooker, NE",0
31093,"Howard, NE",0
31095,"Jefferson, NE",1
31097,"Johnson, NE",1
31099,"Kearney, NE",1
31101,"Keith, NE",1
31103,"Keya Paha, NE",0
31105,"Kimball, NE",1
31107,"Knox, NE",2
31109,"Lancaster, NE",85
31111,"Lincoln, NE",2
31113,"Logan, NE",2
31115,"Loup, NE",0
31117,"McPherson, NE",0
31119,"Madison, NE",1
31121,"Merrick, NE",2
31123,"Morrill, NE",2
31125,"Nance, NE",0
31127,"Nemaha, NE",3
31129,"Nuckolls, NE",1
31131,"Otoe, NE",2
31133,"Pawnee, NE",1
31135,"Perkins, NE",2
31137,"Phelps, NE",1
31139,"Pierce, NE",1
31141,"Platte, NE",2
31143,"Polk, NE",2
31145,"Red Willow, NE",1
31147,"Richardson, NE",2
31149,"Rock, NE",0
31151,"Saline, NE",1
31153,"Sarpy, NE",14
31155,"Saunders, NE",0
31157,"Scotts Bluff, NE",4
31159,"Seward, NE",2
31161,"Sheridan, NE",1
31163,"Sherman, NE",0
31165,"Sioux, NE",0
31167,"Stanton, NE",1
31169,"Thayer, NE",0
31171,"Thomas, NE",0
31173,"Thurston, NE",0
31175,"Valley, NE",0
31177,"Washington, NE",2
31179,"Wayne, NE",1
31181,"Webster, NE",1
31183,"Wheeler, NE",0
31185,"York, NE",3
32001,"Churchill, NV",6
32003,"Clark, NV",70
32005,"Douglas, NV",0
32007,"Elko, NV",3
32009,"Esmeralda, NV",0
32011,"Eureka, NV",0
32013,"Humboldt, NV",1
32015,"Lander, NV",0
32017,"Lincoln, NV",0
32019,"Lyon, NV",0
32021,"Mineral, NV",0
32023,"Nye, NV",1
32027,"Pershing, NV",0
32029,"Storey, NV",0
32031,"Washoe, NV",17
32033,"White Pine, NV",1
32510,"Carson City, NV",0
33001,"Belknap, NH",1
33003,"Carroll, NH",1
33005,"Cheshire, NH",0
33007,"Coos, NH",0
33009,"Grafton, NH",1
33011,"Hillsborough, NH",27
33013,"Merrimack, NH",7
33015,"Rockingham, NH",6
33017,"Strafford, NH",1
33019,"Sullivan, NH",0
34001,"Atlantic, NJ",8
34003,"Bergen, NJ",20
34005,"Burlington, NJ",14
34007,"Camden, NJ",24
34009,"Cape May, NJ",7
34011,"Cumberland, NJ",8
34013,"Essex, NJ",22
34015,"Gloucester, NJ",11
34017,"Hudson, NJ",7
34019,"Hunterdon, NJ",3
34021,"Mercer, NJ",26
34023,"Middlesex, NJ",7
34025,"Monmouth, NJ",15
34027,"Morris, NJ",18
34029,"Ocean, NJ",14
34031,"Passaic, NJ",5
34033,"Salem, NJ",4
34035,"Somerset, NJ",12
34037,"Sussex, NJ",6
34039,"Union, NJ",11
34041,"Warren, NJ",11
35001,"Bernalillo, NM",39
35003,"Catron, NM",0
35005,"Chaves, NM",2
35006,"Cibola, NM",2
35007,"Colfax, NM",0
35009,"Curry, NM",2
35011,"De Baca, NM",0
35013,"Dona Ana, NM",4
35015,"Eddy, NM",0
35017,"Grant, NM",2
35019,"Guadalupe, NM",0
35021,"Harding, NM",0
35023,"Hidalgo, NM",0
35025,"Lea, NM",1
35027,"Lincoln, NM",1
35028,"Los Alamos, NM",0
35029,"Luna, NM",0
35031,"McKinley, NM",8
35033,"Mora, NM",0
35035,"Otero, NM",2
35037,"Quay, NM",0
35039,"Rio Arriba, NM",1
35041,"Roosevelt, NM",0
35043,"Sandoval, NM",4
35045,"San Juan, NM",3
35047,"San Miguel, NM",2
35049,"Santa Fe, NM",4
35051,"Sierra, NM",1
35053,"Socorro, NM",0
35055,"Taos, NM",1
35057,"Torrance, NM",0
35059,"Union, NM",0
35061,"Valencia, NM",1
36001,"Albany, NY",30
36003,"Allegany, NY",4
36005,"Bronx, NY",7
36007,"Broome, NY",4
36009,"Cattaraugus, NY",2
36011,"Cayuga, NY",3
36013,"Chautauqua, NY",3
36015,"Chemung, NY",4
36017,"Chenango, NY",1
36019,"Clinton, NY",3
36021,"Columbia, NY",2
36023,"Cortland, NY",2
36025,"Delaware, NY",1
36027,"Dutchess, NY",12
36029,"Erie, NY",61
36031,"Essex, NY",1
36033,"Franklin, NY",0
36035,"Fulton, NY",1
36037,"Genesee, NY",3
36039,"Greene, NY",3
36041,"Hamilton, NY",0
36043,"Herkimer, NY",1
36045,"Jefferson, NY",8
36047,"Kings, NY",16
36049,"Lewis, NY",0
36051,"Livingston, NY",3
36053,"Madison, NY",3
36055,"Monroe, NY",21
36057,"Montgomery, NY",3
36059,"Nassau, NY",28
36061,"New York, NY",301
36063,"Niagara, NY",7
36065,"Oneida, NY",8
36067,"Onondaga, NY",15
36069,"Ontario, NY",4
36071,"Orange, NY",13
36073,"Orleans, NY",3
36075,"Oswego, NY",5
36077,"Otsego, NY",4
36079,"Putnam, NY",4
36081,"Queens, NY",13
36083,"Rensselaer, NY",3
36085,"Richmond, NY",4
36087,"Rockland, NY",8
36089,"Saint Lawrence, NY",6
36091,"Saratoga, NY",7
36093,"Schenectady, NY",7
36095,"Schoharie, NY",1
36097,"Schuyler, NY",4
36099,"Seneca, NY",3
36101,"Steuben, NY",8
36103,"Suffolk, NY",49
36105,"Sullivan, NY",6
36107,"Tioga, NY",3
36109,"Tompkins, NY",4
36111,"Ulster, NY",4
36113,"Warren, NY",2
36115,"Washington, NY",4
36117,"Wayne, NY",5
36119,"Westchester, NY",31
36121,"Wyoming, NY",2
36123,"Yates, NY",2
37001,"Alamance, NC",5
37003,"Alexander, NC",0
37005,"Alleghany, NC",0
37007,"Anson, NC",1
37009,"Ashe, NC",2
37011,"Avery, NC",1
37013,"Beaufort, NC",1
37015,"Bertie, NC",1
37017,"Bladen, NC",4
37019,"Brunswick, NC",9
37021,"Buncombe, NC",15
37023,"Burke, NC",4
37025,"Cabarrus, NC",10
37027,"Caldwell, NC",4
37029,"Camden, NC",0
37031,"Carteret, NC",5
37033,"Caswell, NC",0
37035,"Catawba, NC",7
37037,"Chatham, NC",4
37039,"Cherokee, NC",2
37041,"Chowan, NC",1
37043,"Clay, NC",1
37045,"Cleveland, NC",5
37047,"Columbus, NC",2
37049,"Craven, NC",3
37051,"Cumberland, NC",20
37053,"Currituck, NC",1
37055,"Dare, NC",2
37057,"Davidson, NC",1
37059,"Davie, NC",1
37061,"Duplin, NC",5
37063,"Durham, NC",28
37065,"Edgecombe, NC",1
37067,"Forsyth, NC",39
37069,"Franklin, NC",2
37071,"Gaston, NC",5
37073,"Gates, NC",0
37075,"Graham, NC",0
37077,"Granville, NC",3
37079,"Greene, NC",2
37081,"Guilford, NC",32
37083,"Halifax, NC",1
37085,"Harnett, NC",10
37087,"Haywood, NC",4
37089,"Henderson, NC",7
37091,"Hertford, NC",1
37093,"Hoke, NC",2
37095,"Hyde, NC",0
37097,"Iredell, NC",5
37099,"Jackson, NC",2
37101,"Johnston, NC",5
37103,"Jones, NC",2
37105,"Lee, NC",3
37107,"Lenoir, NC",9
37109,"Lincoln, NC",2
37111,"McDowell, NC",1
37113,"Macon, NC",3
37115,"Madison, NC",1
37117,"Martin, NC",1
37119,"Mecklenburg, NC",74
37121,"Mitchell, NC",1
37123,"Montgomery, NC",1
37125,"Moore, NC",12
37127,"Nash, NC",2
37129,"New Hanover, NC",18
37131,"Northampton, NC",1
37133,"Onslow, NC",26
37135,"Orange, NC",5
37137,"Pamlico, NC",2
37139,"Pasquotank, NC",7
37141,"Pender, NC",4
37143,"Perquimans, NC",1
37145,"Person, NC",1
37147,"Pitt, NC",8
37149,"Polk, NC",0
37151,"Randolph, NC",5
37153,"Richmond, NC",1
37155,"Robeson, NC",5
37157,"Rockingham, NC",2
37159,"Rowan, NC",7
37161,"Rutherford, NC",4
37163,"Sampson, NC",2
37165,"Scotland, NC",3
37167,"Stanly, NC",2
37169,"Stokes, NC",2
37171,"Surry, NC",4
37173,"Swain, NC",1
37175,"Transylvania, NC",1
37177,"Tyrrell, NC",0
37179,"Union, NC",4
37181,"Vance, NC",4
37183,"Wake, NC",64
37185,"Warren, NC",1
37187,"Washington, NC",0
37189,"Watauga, NC",1
37191,"Wayne, NC",6
37193,"Wilkes, NC",2
37195,"Wilson, NC",5
37197,"Yadkin, NC",1
37199,"Yancey, NC",2
38001,"Adams, ND",0
38003,"Barnes, ND",2
38005,"Benson, ND",0
38007,"Billings, ND",0
38009,"Bottineau, ND",1
38011,"Bowman, ND",1
38013,"Burke, ND",1
38015,"Burleigh, ND",2
38017,"Cass, ND",22
38019,"Cavalier, ND",0
38021,"Dickey, ND",0
38023,"Divide, ND",0
38025,"Dunn, ND",1
38027,"Eddy, ND",1
38029,"Emmons, ND",1
38031,"Foster, ND",1
38033,"Golden Valley, ND",0
38035,"Grand Forks, ND",2
38037,"Grant, ND",0
38039,"Griggs, ND",0
38041,"Hettinger, ND",0
38043,"Kidder, ND",0
38045,"La Moure, ND",0
38047,"Logan, ND",1
38049,"McHenry, ND",1
38051,"McIntosh, ND",1
38053,"McKenzie, ND",1
38055,"McLean, ND",3
38057,"Mercer, ND",0
38059,"Morton, ND",2
38061,"Mountrail, ND",1
38063,"Nelson, ND",0
38065,"Oliver, ND",0
38067,"Pembina, ND",1
38069,"Pierce, ND",1
38071,"Ramsey, ND",1
38073,"Ransom, ND",0
38075,"Renville, ND",1
38077,"Richland, ND",2
38079,"Rolette, ND",1
38081,"Sargent, ND",0
38083,"Sheridan, ND",1
38085,"Sioux, ND",1
38087,"Slope, ND",0
38089,"Stark, ND",3
38091,"Steele, ND",1
38093,"Stutsman, ND",2
38095,"Towner, ND",0
38097,"Traill, ND",1
38099,"Walsh, ND",0
38101,"Ward, ND",3
38103,"Wells, ND",1
38105,"Williams, ND",1
39001,"Adams, OH",1
39003,"Allen, OH",5
39005,"Ashland, OH",4
39007,"Ashtabula, OH",5
39009,"Athens, OH",2
39011,"Auglaize, OH",4
39013,"Belmont, OH",5
39015,"Brown, OH",5
39017,"Butler, OH",10
39019,"Carroll, OH",1
39021,"Champaign, OH",1
39023,"Clark, OH",6
39025,"Clermont, OH",6
39027,"Clinton, OH",0
39029,"Columbiana, OH",8
39031,"Coshocton, OH",2
39033,"Crawford, OH",4
39035,"Cuyahoga, OH",81
39037,"Darke, OH",2
39039,"Defiance, OH",3
39041,"Delaware, OH",15
39043,"Erie, OH",6
39045,"Fairfield, OH",13
39047,"Fayette, OH",3
39049,"Franklin, OH",60
39051,"Fulton, OH",4
39053,"Gallia, OH",4
39055,"Geauga, OH",4
39057,"Greene, OH",7
39059,"Guernsey, OH",3
39061,"Hamilton, OH",36
39063,"Hancock, OH",3
39065,"Hardin, OH",2
39067,"Harrison, OH",1
39069,"Henry, OH",2
39071,"Highland, OH",3
39073,"Hocking, OH",2
39075,"Holmes, OH",1
39077,"Huron, OH",4
39079,"Jackson, OH",2
39081,"Jefferson, OH",6
39083,"Knox, OH",4
39085,"Lake, OH",9
39087,"Lawrence, OH",2
39089,"Licking, OH",7
39091,"Logan, OH",5
39093,"Lorain, OH",9
39095,"Lucas, OH",10
39097,"Madison, OH",3
39099,"Mahoning, OH",7
39101,"Marion, OH",2
39103,"Medina, OH",6
39105,"Meigs, OH",3
39107,"Mercer, OH",1
39109,"Miami, OH",8
39111,"Monroe, OH",2
39113,"Montgomery, OH",32
39115,"Morgan, OH",1
39117,"Morrow, OH",2
39119,"Muskingum, OH",4
39121,"Noble, OH",2
39123,"Ottawa, OH",2
39125,"Paulding, OH",1
39127,"Perry, OH",1
39129,"Pickaway, OH",3
39131,"Pike, OH",2
39133,"Portage, OH",7
39135,"Preble, OH",2
39137,"Putnam, OH",3
39139,"Richland, OH",4
39141,"Ross, OH",4
39143,"Sandusky, OH",2
39145,"Scioto, OH",2
39147,"Seneca, OH",3
39149,"Shelby, OH",2
39151,"Stark, OH",18
39153,"Summit, OH",20
39155,"Trumbull, OH",5
39157,"Tuscarawas, OH",3
39159,"Union, OH",3
39161,"Van Wert, OH",2
39163,"Vinton, OH",1
39165,"Warren, OH",6
39167,"Washington, OH",4
39169,"Wayne, OH",4
39171,"Williams, OH",3
39173,"Wood, OH",6
39175,"Wyandot, OH",2
40001,"Adair, OK",0
40003,"Alfalfa, OK",0
40005,"Atoka, OK",0
40007,"Beaver, OK",0
40009,"Beckham, OK",0
40011,"Blaine, OK",0
40013,"Bryan, OK",6
40015,"Caddo, OK",3
40017,"Canadian, OK",4
40019,"Carter, OK",4
40021,"Cherokee, OK",3
40023,"Choctaw, OK",0
40025,"Cimarron, OK",0
40027,"Cleveland, OK",53
40029,"Coal, OK",0
40031,"Comanche, OK",17
40033,"Cotton, OK",0
40035,"Craig, OK",0
40037,"Creek, OK",6
40039,"Custer, OK",2
40041,"Delaware, OK",1
40043,"Dewey, OK",0
40045,"Ellis, OK",0
40047,"Garfield, OK",1
40049,"Garvin, OK",4
40051,"Grady, OK",2
40053,"Grant, OK",0
40055,"Greer, OK",0
40057,"Harmon, OK",0
40059,"Harper, OK",0
40061,"Haskell, OK",0
40063,"Hughes, OK",0
40065,"Jackson, OK",0
40067,"Jefferson, OK",0
40069,"Johnston, OK",2
40071,"Kay, OK",1
40073,"Kingfisher, OK",0
40075,"Kiowa, OK",0
40077,"Latimer, OK",1
40079,"Le Flore, OK",0
40081,"Lincoln, OK",1
40083,"Logan, OK",2
40085,"Love, OK",0
40087,"McClain, OK",1
40089,"McCurtain, OK",0
40091,"McIntosh, OK",0
40093,"Major, OK",0
40095,"Marshall, OK",0
40097,"Mayes, OK",1
40099,"Murray, OK",0
40101,"Muskogee, OK",56
40103,"Noble, OK",0
40105,"Nowata, OK",0
40107,"Okfuskee, OK",0
40109,"Oklahoma, OK",50
40111,"Okmulgee, OK",3
40113,"Osage, OK",1
40115,"Ottawa, OK",1
40117,"Pawnee, OK",1
40119,"Payne, OK",2
40121,"Pittsburg, OK",1
40123,"Pontotoc, OK",0
40125,"Pottawatomie, OK",2
40127,"Pushmataha, OK",0
40129,"Roger Mills, OK",0
40131,"Rogers, OK",3
40133,"Seminole, OK",1
40135,"Sequoyah, OK",2
40137,"Stephens, OK",1
40139,"Texas, OK",0
40141,"Tillman, OK",0
40143,"Tulsa, OK",20
40145,"Wagoner, OK",1
40147,"Washington, OK",3
40149,"Washita, OK",0
40151,"Woods, OK",1
40153,"Woodward, OK",0
41001,"Baker, OR",1
41003,"Benton, OR",2
41005,"Clackamas, OR",6
41007,"Clatsop, OR",2
41009,"Columbia, OR",1
41011,"Coos, OR",5
41013,"Crook, OR",1
41015,"Curry, OR",2
41017,"Deschutes, OR",5
41019,"Douglas, OR",5
41021,"Gilliam, OR",0
41023,"Grant, OR",1
41025,"Harney, OR",1
41027,"Hood River, OR",2
41029,"Jackson, OR",8
41031,"Jefferson, OR",2
41033,"Josephine, OR",3
41035,"Klamath, OR",2
41037,"Lake, OR",1
41039,"Lane, OR",7
41041,"Lincoln, OR",2
41043,"Linn, OR",4
41045,"Malheur, OR",1
41047,"Marion, OR",25
41049,"Morrow, OR",1
41051,"Multnomah, OR",26
41053,"Polk, OR",4
41055,"Sherman, OR",0
41057,"Tillamook, OR",2
41059,"Umatilla, OR",4
41061,"Union, OR",2
41063,"Wallowa, OR",1
41065,"Wasco, OR",3
41067,"Washington, OR",15
41069,"Wheeler, OR",0
41071,"Yamhill, OR",2
42001,"Adams, PA",4
42003,"Allegheny, PA",88
42005,"Armstrong, PA",1
42007,"Beaver, PA",4
42009,"Bedford, PA",3
42011,"Berks, PA",9
42013,"Blair, PA",11
42015,"Bradford, PA",2
42017,"Bucks, PA",18
42019,"Butler, PA",9
42021,"Cambria, PA",8
42023,"Cameron, PA",1
42025,"Carbon, PA",3
42027,"Centre, PA",7
42029,"Chester, PA",20
42031,"Clarion, PA",2
42033,"Clearfield, PA",3
42035,"Clinton, PA",8
42037,"Columbia, PA",4
42039,"Crawford, PA",3
42041,"Cumberland, PA",36
42043,"Dauphin, PA",18
42045,"Delaware, PA",19
42047,"Elk, PA",2
42049,"Erie, PA",18
42051,"Fayette, PA",4
42053,"Forest, PA",1
42055,"Franklin, PA",11
42057,"Fulton, PA",1
42059,"Greene, PA",3
42061,"Huntingdon, PA",3
42063,"Indiana, PA",2
42065,"Jefferson, PA",4
42067,"Juniata, PA",2
42069,"Lackawanna, PA",14
42071,"Lancaster, PA",8
42073,"Lawrence, PA",4
42075,"Lebanon, PA",37
42077,"Lehigh, PA",6
42079,"Luzerne, PA",12
42081,"Lycoming, PA",9
42083,"McKean, PA",5
42085,"Mercer, PA",7
42087,"Mifflin, PA",3
42089,"Monroe, PA",4
42091,"Montgomery, PA",26
42093,"Montour, PA",3
42095,"Northampton, PA",4
42097,"Northumberland, PA",3
42099,"Perry, PA",1
42101,"Philadelphia, PA",113
42103,"Pike, PA",8
42105,"Potter, PA",3
42107,"Schuylkill, PA",1
42109,"Snyder, PA",1
42111,"Somerset, PA",3
42113,"Sullivan, PA",1
42115,"Susquehanna, PA",2
42117,"Tioga, PA",2
42119,"Union, PA",3
42121,"Venango, PA",2
42123,"Warren, PA",2
42125,"Washington, PA",9
42127,"Wayne, PA",2
42129,"Westmoreland, PA",14
42131,"Wyoming, PA",1
42133,"York, PA",12
44001,"Bristol, RI",2
44003,"Kent, RI",40
44005,"Newport, RI",2
44007,"Providence, RI",128
44009,"Washington, RI",5
45001,"Abbeville, SC",1
45003,"Aiken, SC",9
45005,"Allendale, SC",2
45007,"Anderson, SC",6
45009,"Bamberg, SC",1
45011,"Barnwell, SC",1
45013,"Beaufort, SC",13
45015,"Berkeley, SC",12
45017,"Calhoun, SC",2
45019,"Charleston, SC",39
45021,"Cherokee, SC",3
45023,"Chester, SC",5
45025,"Chesterfield, SC",2
45027,"Clarendon, SC",1
45029,"Colleton, SC",2
45031,"Darlington, SC",4
45033,"Dillon, SC",2
45035,"Dorchester, SC",8
45037,"Edgefield, SC",2
45039,"Fairfield, SC",2
45041,"Florence, SC",4
45043,"Georgetown, SC",7
45045,"Greenville, SC",18
45047,"Greenwood, SC",7
45049,"Hampton, SC",4
45051,"Horry, SC",12
45053,"Jasper, SC",4
45055,"Kershaw, SC",4
45057,"Lancaster, SC",6
45059,"Laurens, SC",3
45061,"Lee, SC",2
45063,"Lexington, SC",8
45065,"McCormick, SC",2
45067,"Marion, SC",2
45069,"Marlboro, SC",2
45071,"Newberry, SC",3
45073,"Oconee, SC",4
45075,"Orangeburg, SC",3
45077,"Pickens, SC",6
45079,"Richland, SC",52
45081,"Saluda, SC",2
45083,"Spartanburg, SC",8
45085,"Sumter, SC",4
45087,"Union, SC",2
45089,"Williamsburg, SC",1
45091,"York, SC",14
46003,"Aurora, SD",1
46005,"Beadle, SD",1
46007,"Bennett, SD",0
46009,"Bon Homme, SD",0
46011,"Brookings, SD",1
46013,"Brown, SD",2
46015,"Brule, SD",2
46017,"Buffalo, SD",0
46019,"Butte, SD",1
46021,"Campbell, SD",0
46023,"Charles Mix, SD",1
46025,"Clark, SD",0
46027,"Clay, SD",1
46029,"Codington, SD",2
46031,"Corson, SD",0
46033,"Custer, SD",1
46035,"Davison, SD",3
46037,"Day, SD",2
46039,"Deuel, SD",0
46041,"Dewey, SD",0
46043,"Douglas, SD",0
46045,"Edmunds, SD",0
46047,"Fall River, SD",3
46049,"Faulk, SD",0
46051,"Grant, SD",1
46053,"Gregory, SD",0
46055,"Haakon, SD",0
46057,"Hamlin, SD",0
46059,"Hand, SD",0
46061,"Hanson, SD",0
46063,"Harding, SD",1
46065,"Hughes, SD",4
46067,"Hutchinson, SD",1
46069,"Hyde, SD",0
46071,"Jackson, SD",1
46073,"Jerauld, SD",0
46075,"Jones, SD",0
46077,"Kingsbury, SD",0
46079,"Lake, SD",2
46081,"Lawrence, SD",0
46083,"Lincoln, SD",4
46085,"Lyman, SD",0
46087,"McCook, SD",1
46089,"McPherson, SD",1
46091,"Marshall, SD",1
46093,"Meade, SD",2
46095,"Mellette, SD",0
46097,"Miner, SD",0
46099,"Minnehaha, SD",34
46101,"Moody, SD",0
46102,"Oglala Lakota, SD",0
46103,"Pennington, SD",5
46105,"Perkins, SD",0
46107,"Potter, SD",0
46109,"Roberts, SD",2
46111,"Sanborn, SD",0
46115,"Spink, SD",0
46117,"Stanley, SD",0
46119,"Sully, SD",0
46121,"Todd, SD",0
46123,"Tripp, SD",0
46125,"Turner, SD",2
46127,"Union, SD",0
46129,"Walworth, SD",0
46135,"Yankton, SD",2
46137,"Ziebach, SD",0
47001,"Anderson, TN",3
47003,"Bedford, TN",2
47005,"Benton, TN",1
47007,"Bledsoe, TN",1
47009,"Blount, TN",8
47011,"Bradley, TN",7
47013,"Campbell, TN",2
47015,"Cannon, TN",1
47017,"Carroll, TN",3
47019,"Carter, TN",2
47021,"Cheatham, TN",6
47023,"Chester, TN",1
47025,"Claiborne, TN",1
47027,"Clay, TN",2
47029,"Cocke, TN",1
47031,"Coffee, TN",3
47033,"Crockett, TN",2
47035,"Cumberland, TN",5
47037,"Davidson, TN",60
47039,"Decatur, TN",1
47041,"De Kalb, TN",1
47043,"Dickson, TN",7
47045,"Dyer, TN",5
47047,"Fayette, TN",1
47049,"Fentress, TN",1
47051,"Franklin, TN",2
47053,"Gibson, TN",1
47055,"Giles, TN",2
47057,"Grainger, TN",1
47059,"Greene, TN",1
47061,"Grundy, TN",1
47063,"Hamblen, TN",6
47065,"Hamilton, TN",13
47067,"Hancock, TN",0
47069,"Hardeman, TN",3
47071,"Hardin, TN",4
47073,"Hawkins, TN",2
47075,"Haywood, TN",1
47077,"Henderson, TN",2
47079,"Henry, TN",1
47081,"Hickman, TN",1
47083,"Houston, TN",1
47085,"Humphreys, TN",1
47087,"Jackson, TN",0
47089,"Jefferson, TN",3
47091,"Johnson, TN",2
47093,"Knox, TN",28
47095,"Lake, TN",0
47097,"Lauderdale, TN",1
47099,"Lawrence, TN",3
47101,"Lewis, TN",2
47103,"Lincoln, TN",3
47105,"Loudon, TN",4
47107,"McMinn, TN",2
47109,"McNairy, TN",1
47111,"Macon, TN",1
47113,"Madison, TN",16
47115,"Marion, TN",3
47117,"Marshall, TN",0
47119,"Maury, TN",6
47121,"Meigs, TN",1
47123,"Monroe, TN",2
47125,"Montgomery, TN",15
47127,"Moore, TN",0
47129,"Morgan, TN",1
47131,"Obion, TN",1
47133,"Overton, TN",0
47135,"Perry, TN",2
47137,"Pickett, TN",1
47139,"Polk, TN",1
47141,"Putnam, TN",9
47143,"Rhea, TN",2
47145,"Roane, TN",2
47147,"Robertson, TN",3
47149,"Rutherford, TN",12
47151,"Scott, TN",1
47153,"Sequatchie, TN",1
47155,"Sevier, TN",4
47157,"Shelby, TN",42
47159,"Smith, TN",2
47161,"Stewart, TN",1
47163,"Sullivan, TN",6
47165,"Sumner, TN",15
47167,"Tipton, TN",3
47169,"Trousdale, TN",1
47171,"Unicoi, TN",1
47173,"Union, TN",1
47175,"Van Buren, TN",1
47177,"Warren, TN",1
47179,"Washington, TN",5
47181,"Wayne, TN",1
47183,"Weakley, TN",2
47185,"White, TN",1
47187,"Williamson, TN",9
47189,"Wilson, TN",8
48001,"Anderson, TX",3
48003,"Andrews, TX",0
48005,"Angelina, TX",2
48007,"Aransas, TX",0
48009,"Archer, TX",0
48011,"Armstrong, TX",0
48013,"Atascosa, TX",0
48015,"Austin, TX",0
48017,"Bailey, TX",0
48019,"Bandera, TX",2
48021,"Bastrop, TX",2
48023,"Baylor, TX",0
48025,"Bee, TX",2
48027,"Bell, TX",16
48029,"Bexar, TX",90
48031,"Blanco, TX",1
48033,"Borden, TX",0
48035,"Bosque, TX",0
48037,"Bowie, TX",3
48039,"Brazoria, TX",7
48041,"Brazos, TX",5
48043,"Brewster, TX",0
48045,"Briscoe, TX",0
48047,"Brooks, TX",0
48049,"Brown, TX",1
48051,"Burleson, TX",0
48053,"Burnet, TX",4
48055,"Caldwell, TX",1
48057,"Calhoun, TX",0
48059,"Callahan, TX",1
48061,"Cameron, TX",7
48063,"Camp, TX",1
48065,"Carson, TX",0
48067,"Cass, TX",4
48069,"Castro, TX",0
48071,"Chambers, TX",0
48073,"Cherokee, TX",0
48075,"Childress, TX",0
48077,"Clay, TX",0
48079,"Cochran, TX",0
48081,"Coke, TX",0
48083,"Coleman, TX",0
48085,"Collin, TX",17
48087,"Collingsworth, TX",1
48089,"Colorado, TX",1
48091,"Comal, TX",2
48093,"Comanche, TX",2
48095,"Concho, TX",0
48097,"Cooke, TX",1
48099,"Coryell, TX",4
48101,"Cottle, TX",0
48103,"Crane, TX",0
48105,"Crockett, TX",1
48107,"Crosby, TX",0
48109,"Culberson, TX",0
48111,"Dallam, TX",0
48113,"Dallas, TX",98
48115,"Dawson, TX",0
48117,"Deaf Smith, TX",0
48119,"Delta, TX",1
48121,"Denton, TX",14
48123,"De Witt, TX",0
48125,"Dickens, TX",0
48127,"Dimmit, TX",0
48129,"Donley, TX",0
48131,"Duval, TX",1
48133,"Eastland, TX",0
48135,"Ector, TX",1
48137,"Edwards, TX",0
48139,"Ellis, TX",1
48141,"El Paso, TX",11
48143,"Erath, TX",0
48145,"Falls, TX",0
48147,"Fannin, TX",0
48149,"Fayette, TX",0
48151,"Fisher, TX",0
48153,"Floyd, TX",1
48155,"Foard, TX",0
48157,"Fort Bend, TX",11
48159,"Franklin, TX",0
48161,"Freestone, TX",1
48163,"Frio, TX",1
48165,"Gaines, TX",0
48167,"Galveston, TX",9
48169,"Garza, TX",0
48171,"Gillespie, TX",3
48173,"Glasscock, TX",0
48175,"Goliad, TX",0
48177,"Gonzales, TX",0
48179,"Gray, TX",0
48181,"Grayson, TX",2
48183,"Gregg, TX",3
48185,"Grimes, TX",0
48187,"Guadalupe, TX",13
48189,"Hale, TX",1
48191,"Hall, TX",0
48193,"Hamilton, TX",0
48195,"Hansford, TX",0
48197,"Hardeman, TX",0
48199,"Hardin, TX",1
48201,"Harris, TX",227
48203,"Harrison, TX",2
48205,"Hartley, TX",0
48207,"Haskell, TX",0
48209,"Hays, TX",3
48211,"Hemphill, TX",0
48213,"Henderson, TX",0
48215,"Hidalgo, TX",9
48217,"Hill, TX",0
48219,"Hockley, TX",0
48221,"Hood, TX",0
48223,"Hopkins, TX",0
48225,"Houston, TX",1
48227,"Howard, TX",1
48229,"Hudspeth, TX",0
48231,"Hunt, TX",3
48233,"Hutchinson, TX",2
48235,"Irion, TX",0
48237,"Jack, TX",1
48239,"Jackson, TX",0
48241,"Jasper, TX",0
48243,"Jeff Davis, TX",0
48245,"Jefferson, TX",8
48247,"Jim Hogg, TX",0
48249,"Jim Wells, TX",1
48251,"Johnson, TX",6
48253,"Jones, TX",0
48255,"Karnes, TX",1
48257,"Kaufman, TX",1
48259,"Kendall, TX",3
48261,"Kenedy, TX",0
48263,"Kent, TX",0
48265,"Kerr, TX",6
48267,"Kimble, TX",1
48269,"King, TX",0
48271,"Kinney, TX",0
48273,"Kleberg, TX",2
48275,"Knox, TX",0
48277,"Lamar, TX",8
48279,"Lamb, TX",0
48281,"Lampasas, TX",0
48283,"La Salle, TX",1
48285,"Lavaca, TX",0
48287,"Lee, TX",1
48289,"Leon, TX",1
48291,"Liberty, TX",1
48293,"Limestone, TX",1
48295,"Lipscomb, TX",0
48297,"Live Oak, TX",1
48299,"Llano, TX",2
48301,"Loving, TX",0
48303,"Lubbock, TX",9
48305,"Lynn, TX",0
48307,"McCulloch, TX",0
48309,"McLennan, TX",173
48311,"McMullen, TX",0
48313,"Madison, TX",1
48315,"Marion, TX",0
48317,"Martin, TX",4
48319,"Mason, TX",0
48321,"Matagorda, TX",0
48323,"Maverick, TX",1
48325,"Medina, TX",0
48327,"Menard, TX",0
48329,"Midland, TX",2
48331,"Milam, TX",2
48333,"Mills, TX",1
48335,"Mitchell, TX",0
48337,"Montague, TX",2
48339,"Montgomery, TX",23
48341,"Moore, TX",0
48343,"Morris, TX",1
48345,"Motley, TX",0
48347,"Nacogdoches, TX",0
48349,"Navarro, TX",0
48351,"Newton, TX",1
48353,"Nolan, TX",1
48355,"Nueces, TX",9
48357,"Ochiltree, TX",0
48359,"Oldham, TX",1
48361,"Orange, TX",1
48363,"Palo Pinto, TX",2
48365,"Panola, TX",0
48367,"Parker, TX",1
48369,"Parmer, TX",0
48371,"Pecos, TX",1
48373,"Polk, TX",1
48375,"Potter, TX",1
48377,"Presidio, TX",0
48379,"Rains, TX",1
48381,"Randall, TX",1
48383,"Reagan, TX",0
48385,"Real, TX",0
48387,"Red River, TX",0
48389,"Reeves, TX",0
48391,"Refugio, TX",2
48393,"Roberts, TX",0
48395,"Robertson, TX",0
48397,"Rockwall, TX",2
48399,"Runnels, TX",0
48401,"Rusk, TX",1
48403,"Sabine, TX",0
48405,"San Augustine, TX",0
48407,"San Jacinto, TX",0
48409,"San Patricio, TX",3
48411,"San Saba, TX",0
48413,"Schleicher, TX",0
48415,"Scurry, TX",0
48417,"Shackelford, TX",0
48419,"Shelby, TX",0
48421,"Sherman, TX",0
48423,"Smith, TX",4
48425,"Somervell, TX",0
48427,"Starr, TX",0
48429,"Stephens, TX",1
48431,"Sterling, TX",0
48433,"Stonewall, TX",0
48435,"Sutton, TX",0
48437,"Swisher, TX",0
48439,"Tarrant, TX",32
48441,"Taylor, TX",5
48443,"Terrell, TX",0
48445,"Terry, TX",0
48447,"Throckmorton, TX",0
48449,"Titus, TX",2
48451,"Tom Green, TX",4
48453,"Travis, TX",55
48455,"Trinity, TX",1
48457,"Tyler, TX",1
48459,"Upshur, TX",0
48461,"Upton, TX",0
48463,"Uvalde, TX",1
48465,"Val Verde, TX",3
48467,"Van Zandt, TX",1
48469,"Victoria, TX",4
48471,"Walker, TX",2
48473,"Waller, TX",2
48475,"Ward, TX",0
48477,"Washington, TX",1
48479,"Webb, TX",6
48481,"Wharton, TX",1
48483,"Wheeler, TX",0
48485,"Wichita, TX",6
48487,"Wilbarger, TX",0
48489,"Willacy, TX",0
48491,"Williamson, TX",15
48493,"Wilson, TX",2
48495,"Winkler, TX",0
48497,"Wise, TX",3
48499,"Wood, TX",1
48501,"Yoakum, TX",0
48503,"Young, TX",0
48505,"Zapata, TX",1
48507,"Zavala, TX",1
49001,"Beaver, UT",0
49003,"Box Elder, UT",0
49005,"Cache, UT",1
49007,"Carbon, UT",0
49009,"Daggett, UT",0
49011,"Davis, UT",11
49013,"Duchesne, UT",0
49015,"Emery, UT",0
49017,"Garfield, UT",0
49019,"Grand, UT",0
49021,"Iron, UT",2
49023,"Juab, UT",0
49025,"Kane, UT",0
49027,"Millard, UT",0
49029,"Morgan, UT",0
49031,"Piute, UT",0
49033,"Rich, UT",0
49035,"Salt Lake, UT",41
49037,"San Juan, UT",0
49039,"Sanpete, UT",0
49041,"Sevier, UT",1
49043,"Summit, UT",0
49045,"Tooele, UT",0
49047,"Uintah, UT",0
49049,"Utah, UT",19
49051,"Wasatch, UT",0
49053,"Washington, UT",8
49055,"Wayne, UT",0
49057,"Weber, UT",3
50001,"Addison, VT",0
50003,"Bennington, VT",1
50005,"Caledonia, VT",0
50007,"Chittenden, VT",1
50009,"Essex, VT",0
50011,"Franklin, VT",0
50013,"Grand Isle, VT",0
50015,"Lamoille, VT",0
50017,"Orange, VT",1
50019,"Orleans, VT",0
50021,"Rutland, VT",3
50023,"Washington, VT",6
50025,"Windham, VT",0
50027,"Windsor, VT",5
51001,"Accomack, VA",2
51003,"Albemarle, VA",12
51005,"Alleghany, VA",1
51007,"Amelia, VA",0
51009,"Amherst, VA",0
51011,"Appomattox, VA",0
51013,"Arlington, VA",105
51015,"Augusta, VA",4
51017,"Bath, VA",0
51019,"Bedford, VA",0
51021,"Bland, VA",0
51023,"Botetourt, VA",0
51025,"Brunswick, VA",1
51027,"Buchanan, VA",1
51029,"Buckingham, VA",0
51031,"Campbell, VA",1
51033,"Caroline, VA",0
51035,"Carroll, VA",0
51036,"Charles City, VA",0
51037,"Charlotte, VA",0
51041,"Chesterfield, VA",4
51043,"Clarke, VA",0
51045,"Craig, VA",0
51047,"Culpeper, VA",2
51049,"Cumberland, VA",0
51051,"Dickenson, VA",0
51053,"Dinwiddie, VA",7
51057,"Essex, VA",0
51059,"Fairfax, VA",45
51061,"Fauquier, VA",1
51063,"Floyd, VA",0
51065,"Fluvanna, VA",1
51067,"Franklin, VA",0
51069,"Frederick, VA",1
51071,"Giles, VA",0
51073,"Gloucester, VA",1
51075,"Goochland, VA",1
51077,"Grayson, VA",0
51079,"Greene, VA",0
51081,"Greensville, VA",0
51083,"Halifax, VA",0
51085,"Hanover, VA",1
51087,"Henrico, VA",55
51089,"Henry, VA",1
51091,"Highland, VA",0
51093,"Isle Of Wight, VA",0
51095,"James City, VA",9
51097,"King And Queen, VA",0
51099,"King George, VA",0
51101,"King William, VA",0
51103,"Lancaster, VA",0
51105,"Lee, VA",0
51107,"Loudoun, VA",13
51109,"Louisa, VA",0
51111,"Lunenburg, VA",0
51113,"Madison, VA",0
51115,"Mathews, VA",1
51117,"Mecklenburg, VA",2
51119,"Middlesex, VA",0
51121,"Montgomery, VA",0
51125,"Nelson, VA",0
51127,"New Kent, VA",1
51131,"Northampton, VA",0
51133,"Northumberland, VA",0
51135,"Nottoway, VA",0
51137,"Orange, VA",0
51139,"Page, VA",0
51141,"Patrick, VA",0
51143,"Pittsylvania, VA",5
51145,"Powhatan, VA",0
51147,"Prince Edward, VA",0
51149,"Prince George, VA",6
51153,"Prince William, VA",7
51155,"Pulaski, VA",0
51157,"Rappahannock, VA",0
51159,"Richmond, VA",0
51161,"Roanoke, VA",7
51163,"Rockbridge, VA",0
51165,"Rockingham, VA",0
51167,"Russell, VA",0
51169,"Scott, VA",1
51171,"Shenandoah, VA",1
51173,"Smyth, VA",0
51175,"Southampton, VA",0
51177,"Spotsylvania, VA",9
51179,"Stafford, VA",12
51181,"Surry, VA",0
51183,"Sussex, VA",0
51185,"Tazewell, VA",2
51187,"Warren, VA",3
51191,"Washington, VA",2
51193,"Westmoreland, VA",0
51195,"Wise, VA",3
51197,"Wythe, VA",4
51199,"York, VA",2
51510,"Alexandria City, VA",30
51520,"Bristol, VA",1
51530,"Buena Vista City, VA",0
51540,"Charlottesville City, VA",1
51550,"Chesapeake City, VA",12
51570,"Colonial Heights City, VA",0
51580,"Covington City, VA",0
51590,"Danville City, VA",0
51595,"Emporia City, VA",0
51600,"Fairfax City, VA",5
51610,"Falls Church City, VA",0
51620,"Franklin City, VA",0
51630,"Fredericksburg City, VA",3
51640,"Galax City, VA",0
51650,"Hampton City, VA",15
51660,"Harrisonburg City, VA",0
51670,"Hopewell City, VA",0
51678,"Lexington City, VA",0
51680,"Lynchburg City, VA",4
51683,"Manassas City, VA",2
51685,"Manassas Park City, VA",0
51690,"Martinsville City, VA",0
51700,"Newport News City, VA",7
51710,"Norfolk City, VA",31
51720,"Norton City, VA",0
51730,"Petersburg City, VA",0
51735,"Poquoson City, VA",0
51740,"Portsmouth City, VA",3
51750,"Radford City, VA",0
51760,"Richmond City, VA",36
51770,"Roanoke City, VA",21
51775,"Salem City, VA",0
51790,"Staunton City, VA",0
51800,"Suffolk City, VA",1
51810,"Virginia Beach City, VA",32
51820,"Waynesboro City, VA",0
51830,"Williamsburg City, VA",4
51840,"Winchester City, VA",3
53001,"Adams, WA",0
53003,"Asotin, WA",1
53005,"Benton, WA",2
53007,"Chelan, WA",4
53009,"Clallam, WA",5
53011,"Clark, WA",9
53013,"Columbia, WA",0
53015,"Cowlitz, WA",0
53017,"Douglas, WA",1
53019,"Ferry, WA",0
53021,"Franklin, WA",1
53023,"Garfield, WA",0
53025,"Grant, WA",2
53027,"Grays Harbor, WA",2
53029,"Island, WA",5
53031,"Jefferson, WA",0
53033,"King, WA",66
53035,"Kitsap, WA",16
53037,"Kittitas, WA",4
53039,"Klickitat, WA",1
53041,"Lewis, WA",3
53043,"Lincoln, WA",0
53045,"Mason, WA",0
53047,"Okanogan, WA",5
53049,"Pacific, WA",2
53051,"Pend Oreille, WA",0
53053,"Pierce, WA",53
53055,"San Juan, WA",0
53057,"Skagit, WA",2
53059,"Skamania, WA",2
53061,"Snohomish, WA",10
53063,"Spokane, WA",23
53065,"Stevens, WA",4
53067,"Thurston, WA",35
53069,"Wahkiakum, WA",0
53071,"Walla Walla, WA",6
53073,"Whatcom, WA",4
53075,"Whitman, WA",1
53077,"Yakima, WA",4
54001,"Barbour, WV",0
54003,"Berkeley, WV",4
54005,"Boone, WV",0
54007,"Braxton, WV",0
54009,"Brooke, WV",0
54011,"Cabell, WV",14
54013,"Calhoun, WV",0
54015,"Clay, WV",0
54017,"Doddridge, WV",0
54019,"Fayette, WV",0
54021,"Gilmer, WV",0
54023,"Grant, WV",0
54025,"Greenbrier, WV",2
54027,"Hampshire, WV",1
54029,"Hancock, WV",0
54031,"Hardy, WV",2
54033,"Harrison, WV",7
54035,"Jackson, WV",0
54037,"Jefferson, WV",1
54039,"Kanawha, WV",16
54041,"Lewis, WV",0
54043,"Lincoln, WV",0
54045,"Logan, WV",3
54047,"McDowell, WV",0
54049,"Marion, WV",1
54051,"Marshall, WV",1
54053,"Mason, WV",0
54055,"Mercer, WV",2
54057,"Mineral, WV",0
54059,"Mingo, WV",0
54061,"Monongalia, WV",4
54063,"Monroe, WV",0
54065,"Morgan, WV",0
54067,"Nicholas, WV",2
54069,"Ohio, WV",5
54071,"Pendleton, WV",0
54073,"Pleasants, WV",0
54075,"Pocahontas, WV",0
54077,"Preston, WV",1
54079,"Putnam, WV",2
54081,"Raleigh, WV",5
54083,"Randolph, WV",2
54085,"Ritchie, WV",0
54087,"Roane, WV",2
54089,"Summers, WV",0
54091,"Taylor, WV",0
54093,"Tucker, WV",0
54095,"Tyler, WV",0
54097,"Upshur, WV",0
54099,"Wayne, WV",0
54101,"Webster, WV",0
54103,"Wetzel, WV",0
54105,"Wirt, WV",0
54107,"Wood, WV",12
54109,"Wyoming, WV",1
55001,"Adams, WI",2
55003,"Ashland, WI",3
55005,"Barron, WI",3
55007,"Bayfield, WI",2
55009,"Brown, WI",13
55011,"Buffalo, WI",4
55013,"Burnett, WI",1
55015,"Calumet, WI",2
55017,"Chippewa, WI",2
55019,"Clark, WI",2
55021,"Columbia, WI",1
55023,"Crawford, WI",1
55025,"Dane, WI",24
55027,"Dodge, WI",3
55029,"Door, WI",2
55031,"Douglas, WI",3
55033,"Dunn, WI",2
55035,"Eau Claire, WI",3
55037,"Florence, WI",1
55039,"Fond Du Lac, WI",3
55041,"Forest, WI",2
55043,"Grant, WI",3
55045,"Green, WI",3
55047,"Green Lake, WI",2
55049,"Iowa, WI",1
55051,"Iron, WI",2
55053,"Jackson, WI",5
55055,"Jefferson, WI",6
55057,"Juneau, WI",4
55059,"Kenosha, WI",5
55061,"Kewaunee, WI",2
55063,"La Crosse, WI",6
55065,"Lafayette, WI",2
55067,"Langlade, WI",4
55069,"Lincoln, WI",2
55071,"Manitowoc, WI",6
55073,"Marathon, WI",8
55075,"Marinette, WI",2
55077,"Marquette, WI",3
55078,"Menominee, WI",1
55079,"Milwaukee, WI",42
55081,"Monroe, WI",2
55083,"Oconto, WI",2
55085,"Oneida, WI",4
55087,"Outagamie, WI",11
55089,"Ozaukee, WI",5
55091,"Pepin, WI",1
55093,"Pierce, WI",3
55095,"Polk, WI",2
55097,"Portage, WI",2
55099,"Price, WI",3
55101,"Racine, WI",13
55103,"Richland, WI",2
55105,"Rock, WI",5
55107,"Rusk, WI",3
55109,"Saint Croix, WI",3
55111,"Sauk, WI",6
55113,"Sawyer, WI",2
55115,"Shawano, WI",3
55117,"Sheboygan, WI",3
55119,"Taylor, WI",3
55121,"Trempealeau, WI",2
55123,"Vernon, WI",3
55125,"Vilas, WI",3
55127,"Walworth, WI",4
55129,"Washburn, WI",2
55131,"Washington, WI",3
55133,"Waukesha, WI",7
55135,"Waupaca, WI",6
55137,"Waushara, WI",2
55139,"Winnebago, WI",10
55141,"Wood, WI",5
56001,"Albany, WY",5
56003,"Big Horn, WY",0
56005,"Campbell, WY",4
56007,"Carbon, WY",0
56009,"Converse, WY",0
56011,"Crook, WY",0
56013,"Fremont, WY",1
56015,"Goshen, WY",0
56017,"Hot Springs, WY",0
56019,"Johnson, WY",1
56021,"Laramie, WY",12
56023,"Lincoln, WY",1
56025,"Natrona, WY",4
56027,"Niobrara, WY",0
56029,"Park, WY",2
56031,"Platte, WY",0
56033,"Sheridan, WY",0
56035,"Sublette, WY",2
56037,"Sweetwater, WY",1
56039,"Teton, WY",0
56041,"Uinta, WY",0
56043,"Washakie, WY",0
56045,"Weston, WY",0
72000,"Puerto Rico, PR",67
90060,American Samoa,4
90066,Guam,11
90069,Northern Mariana Islands,0
90078,Virgin Islands,1
99000,Foreign Countries,355
